"SSS","Longitude","Latitude"
"AD1_2004__Darvill 1 1",-1.537222,50.953333
"AD1_2004__Darvill 1 2",-1.547421,50.956356
"AD1_2004__Darvill 1 3",-1.554905,50.958809
"AD1_2004__Darvill 1 4",-1.562689,50.961122
"AD1_2004__Darvill 1 5",-1.571283,50.963722
"AD1_2004__Darvill 1 6",-1.578334,50.966006
"AD1_2004__Darvill 1 7",-1.585435,50.968215
"AD1_2004__Darvill 1 8",-1.593048,50.970493
"AD1_2004__Darvill 1 9",-1.600717,50.973455
"AD1_2004__Darvill 1 10",-1.608446,50.975776
"AD1_2004__Darvill 1 11",-1.61624,50.978697
"AD1_2004__Darvill 1 12",-1.623728,50.982033
"AD1_2004__Darvill 1 13",-1.631333,50.985605
"AD1_2004__Darvill 1 14",-1.639307,50.989247
"AD1_2004__Darvill 1 15",-1.646323,50.992476
"AD1_2004__Darvill 1 16",-1.654001,50.995423
"AD1_2004__Darvill 1 17",-1.660833,50.998611
"AD1_2004__Quaranta 1 1",10.4639936027,43.3705969294
"AD1_2004__Quaranta 1 2",10.4429253244,43.415805214
"AD1_2005__Hanley 1 1",-1.4275,50.964167
"AD1_2005__Hanley 1 2",-1.490059,50.84341
"AD1_2005__Hanley 1 3",-1.708976,51.268592
"AD1_2005__Hanley 1 4",-1.4275,50.964167
"AD1_2005__Hanley 1 5",-1.490059,50.84341
"AD1_2005__Hanley 1 6",-1.708976,51.268592
"AD1_2005__Oertli 1 1",7.678774,46.318328
"AD1_2005__Oertli 1 2",7.671231,46.327218
"AD1_2005__Oertli 1 3",7.67412,46.318148
"AD1_2005__Oertli 1 4",7.710055,46.33589
"AD1_2005__Oertli 1 5",7.701907,46.3365
"AD1_2005__Oertli 1 6",7.686683,46.32888
"AD1_2005__Oertli 1 7",7.692834,46.332275
"AD1_2005__Shuler 1 1",-77.868475,38.9573277778
"AD1_2005__Shuler 1 2",-77.784025,38.8356194444
"AD1_2005__Shuler 1 3",-77.6920027778,39.2282694444
"AD1_2005__Shuler 1 4",-77.7215444444,39.1152055556
"AD1_2005__Shuler 1 5",-77.2764083333,39.2789638889
"AD1_2005__Shuler 1 6",-77.8182083333,39.0370444444
"AD1_2005__Shuler 1 7",-77.6034861111,39.2896888889
"AD1_2005__Shuler 1 8",-77.6947777778,39.2003083333
"AD1_2005__Shuler 1 9",-77.7520472222,39.2960444444
"AD1_2005__Shuler 1 10",-77.5736944444,39.2592583333
"AD1_2005__Shuler 1 11",-78.1892277778,39.0471722222
"AD1_2005__Shuler 1 12",-78.2480611111,39.0617888889
"AD1_2005__Shuler 1 13",-77.4349888889,39.1920666667
"AD1_2005__Shuler 1 14",-78.2546583333,39.0914416667
"AD1_2005__Shuler 1 15",-78.2422444444,39.0089361111
"AD1_2005__Shuler 1 16",-77.9397916667,38.8808472222
"AD1_2005__Shuler 1 17",-78.138725,38.5297194444
"AD1_2005__Shuler 1 18",-77.7537555556,39.2519527778
"AD1_2005__Shuler 1 19",-78.322325,39.3114694444
"AD1_2005__Shuler 1 20",-78.2657611111,38.9796027778
"AD1_2005__Shuler 1 21",-78.2492722222,39.1149472222
"AD1_2005__Shuler 1 22",-78.0935222222,38.6160416667
"AD1_2005__Shuler 1 23",-77.9833777778,38.5955666667
"AD1_2005__Shuler 1 24",-77.9253611111,39.2567805556
"AD1_2005__Shuler 1 25",-78.0017333333,38.8026722222
"AD1_2006__Diekoetter 1 1",8.81802303666,50.8210196079
"AD1_2006__Diekoetter 1 2",8.82511848904,50.821030421
"AD1_2006__Diekoetter 1 3",8.81804044542,50.8165250345
"AD1_2006__Diekoetter 1 4",8.82513521674,50.8165358459
"AD1_2006__Diekoetter 1 5",8.84640487116,50.8210602716
"AD1_2006__Diekoetter 1 6",8.85350033961,50.8210693589
"AD1_2006__Diekoetter 1 7",8.84641955567,50.8165656918
"AD1_2006__Diekoetter 1 8",8.85351434305,50.8165747776
"AD1_2006__Diekoetter 1 9",8.87478676574,50.8210940318
"AD1_2006__Diekoetter 1 10",8.88188224746,50.8211013932
"AD1_2006__Diekoetter 1 11",8.87479872597,50.8165994466
"AD1_2006__Diekoetter 1 12",8.88189352663,50.8166068068
"AD1_2006__Diekoetter 1 13",8.83224603487,50.8120516457
"AD1_2006__Diekoetter 1 14",8.83934013368,50.8120615928
"AD1_2006__Diekoetter 1 15",8.8322620733,50.807557062
"AD1_2006__Diekoetter 1 16",8.83935549139,50.8075670075
"AD1_2006__Diekoetter 1 17",8.86062245298,50.8120888459
"AD1_2006__Diekoetter 1 18",8.86771656645,50.8120970676
"AD1_2006__Diekoetter 1 19",8.86063576854,50.8075942563
"AD1_2006__Diekoetter 1 20",8.86772920129,50.8076024767
"AD1_2006__Diekoetter 1 21",8.88899892555,50.8121191446
"AD1_2006__Diekoetter 1 22",8.8960930509,50.812125641
"AD1_2006__Diekoetter 1 23",8.88900951823,50.8076245502
"AD1_2006__Diekoetter 1 24",8.89610296285,50.8076310455
"AD1_2006__Diekoetter 1 25",8.81809264498,50.8030412935
"AD1_2006__Diekoetter 1 26",8.82518537417,50.8030520997
"AD1_2006__Diekoetter 1 27",8.81811003594,50.7985467062
"AD1_2006__Diekoetter 1 28",8.82520208477,50.7985575107
"AD1_2006__Diekoetter 1 29",8.84646358666,50.8030819314
"AD1_2006__Diekoetter 1 30",8.85355633189,50.8030910129
"AD1_2006__Diekoetter 1 31",8.84647825616,50.7985873376
"AD1_2006__Diekoetter 1 32",8.85357032102,50.7985964177
"AD1_2006__Diekoetter 1 33",8.87483458834,50.8031156701
"AD1_2006__Diekoetter 1 34",8.88192734683,50.8031230268
"AD1_2006__Diekoetter 1 35",8.87484653636,50.798621071
"AD1_2006__Diekoetter 1 36",8.88193861447,50.7986284265
"AD1_2006__Diekoetter 1 37",8.83231016399,50.79407329
"AD1_2006__Diekoetter 1 38",8.83940154099,50.7940832307
"AD1_2006__Diekoetter 1 39",8.83232618603,50.7895786924
"AD1_2006__Diekoetter 1 40",8.83941688301,50.7895886315
"AD1_2006__Diekoetter 1 41",8.86067569482,50.7941104665
"AD1_2006__Diekoetter 1 42",8.86776708646,50.794118683
"AD1_2006__Diekoetter 1 43",8.86068899678,50.789615863
"AD1_2006__Diekoetter 1 44",8.86777970839,50.7896240782
"AD1_2006__Diekoetter 1 45",8.88904128003,50.7941407461
"AD1_2006__Diekoetter 1 46",8.89613268353,50.7941472383
"AD1_2006__Diekoetter 1 47",8.88905186189,50.7896461377
"AD1_2006__Diekoetter 1 48",8.89614258536,50.7896526289
"AD1_2006__Diekoetter 1 49",8.81816218216,50.7850629234
"AD1_2006__Diekoetter 1 50",8.82525219094,50.7850737228
"AD1_2006__Diekoetter 1 51",8.81817955536,50.7805683222
"AD1_2006__Diekoetter 1 52",8.82526888446,50.7805791199
"AD1_2006__Diekoetter 1 53",8.84652224217,50.7851035355
"AD1_2006__Diekoetter 1 54",8.85361226697,50.7851126112
"AD1_2006__Diekoetter 1 55",8.84653689668,50.7806089278
"AD1_2006__Diekoetter 1 56",8.8536262418,50.7806180021
"AD1_2006__Diekoetter 1 57",8.87488236209,50.7851372528
"AD1_2006__Diekoetter 1 58",8.88197240013,50.7851446048
"AD1_2006__Diekoetter 1 59",8.8748942979,50.7806426398
"AD1_2006__Diekoetter 1 60",8.88198365626,50.7806499906
"AD1_2006__Diekoetter 1 61",8.9032425308,50.7851640753
"AD1_2006__Diekoetter 1 62",8.9103325793,50.7851697036
"AD1_2006__Diekoetter 1 63",8.9032517479,50.780669458
"AD1_2006__Diekoetter 1 64",8.91034111672,50.7806750854
"AD1_2006__Diekoetter 1 65",8.93160273718,50.7851840029
"AD1_2006__Diekoetter 1 66",8.93869279336,50.7851879075
"AD1_2006__Diekoetter 1 67",8.93160923555,50.7806893825
"AD1_2006__Diekoetter 1 68",8.93869861204,50.7806932865
"AD1_2006__Diekoetter 1 69",8.8323742276,50.7760948787
"AD1_2006__Diekoetter 1 70",8.83946288556,50.7761048131
"AD1_2006__Diekoetter 1 71",8.83239023327,50.7716002671
"AD1_2006__Diekoetter 1 72",8.83947821191,50.7716102
"AD1_2006__Diekoetter 1 73",8.86072888227,50.7761320316
"AD1_2006__Diekoetter 1 74",8.86781755485,50.7761402428
"AD1_2006__Diekoetter 1 75",8.86074217064,50.7716374141
"AD1_2006__Diekoetter 1 76",8.8678301639,50.7716456241
"AD1_2006__Diekoetter 1 77",8.88908359125,50.7761622919
"AD1_2006__Diekoetter 1 78",8.89617227568,50.77616878
"AD1_2006__Diekoetter 1 79",8.88909416231,50.7716676696
"AD1_2006__Diekoetter 1 80",8.8961821674,50.7716741567
"AD1_2006__Diekoetter 1 81",8.91743834344,50.7761856595
"AD1_2006__Diekoetter 1 82",8.92452703693,50.7761904244
"AD1_2006__Diekoetter 1 83",8.91744619716,50.7716910336
"AD1_2006__Diekoetter 1 84",8.92453421132,50.7716957977
"AD1_2006__Diekoetter 1 85",8.9457931277,50.7762021345
"AD1_2006__Diekoetter 1 86",8.95288182748,50.7762051763
"AD1_2006__Diekoetter 1 87",8.94579826408,50.7717075059
"AD1_2006__Diekoetter 1 88",8.95288628452,50.7717105472
"AD1_2006__Diekoetter 1 89",8.84658083775,50.767125084
"AD1_2006__Diekoetter 1 90",8.8536681449,50.7671341539
"AD1_2006__Diekoetter 1 91",8.8465954773,50.7626304624
"AD1_2006__Diekoetter 1 92",8.85368210547,50.7626395309
"AD1_2006__Diekoetter 1 93",8.87493008705,50.7671587799
"AD1_2006__Diekoetter 1 94",8.88201740742,50.7671661272
"AD1_2006__Diekoetter 1 95",8.87494201067,50.7626641529
"AD1_2006__Diekoetter 1 96",8.88202865206,50.7626714991
"AD1_2006__Diekoetter 1 97",8.90327938507,50.7671855853
"AD1_2006__Diekoetter 1 98",8.91036671588,50.76719121
"AD1_2006__Diekoetter 1 99",8.90328859275,50.7626909541
"AD1_2006__Diekoetter 1 100",8.91037524458,50.762696578
"AD1_2006__Diekoetter 1 101",8.9316287207,50.7672055003
"AD1_2006__Diekoetter 1 102",8.93871605918,50.7672094024
"AD1_2006__Diekoetter 1 103",8.93163521243,50.762710866
"AD1_2006__Diekoetter 1 104",8.93872187193,50.7627147675
"AD1_2006__Diekoetter 1 105",8.8607820154,50.7581535409
"AD1_2006__Diekoetter 1 106",8.86786797171,50.758161747
"AD1_2006__Diekoetter 1 107",8.8607952902,50.7536589096
"AD1_2006__Diekoetter 1 108",8.86788056788,50.7536671143
"AD1_2006__Diekoetter 1 109",8.88912585928,50.758183782
"AD1_2006__Diekoetter 1 110",8.89621182742,50.758190266
"AD1_2006__Diekoetter 1 111",8.88913641954,50.7536891459
"AD1_2006__Diekoetter 1 112",8.89622170905,50.7536956288
"AD1_2006__Diekoetter 1 113",8.9174697463,50.7582071348
"AD1_2006__Diekoetter 1 114",8.92455572349,50.7582118968
"AD1_2006__Diekoetter 1 115",8.917477592,50.753712495
"AD1_2006__Diekoetter 1 116",8.92456289056,50.7537172561
"AD1_2006__Diekoetter 1 117",8.94581366535,50.7582235994
"AD1_2006__Diekoetter 1 118",8.95289964882,50.7582266392
"AD1_2006__Diekoetter 1 119",8.94581879649,50.7537289569
"AD1_2006__Diekoetter 1 120",8.95290410132,50.7537319963
"AD1_2006__Diekoetter 1 121",8.93165467771,50.7492269421
"AD1_2006__Diekoetter 1 122",8.93873930128,50.7492308417
"AD1_2006__Diekoetter 1 123",8.93166116283,50.7447322938
"AD1_2006__Diekoetter 1 124",8.9387451081,50.7447361928
"AD1_2006__Marshall 1 1",-2.87786183499,51.0030857049
"AD1_2006__Marshall 1 2",-2.89532542322,51.0218372787
"AD1_2006__Marshall 1 3",-2.90592388072,50.9803902137
"AD1_2006__Marshall 1 4",-3.1776499659,51.1910885178
"AD1_2006__Marshall 1 5",-3.17921263138,51.0840628902
"AD1_2006__Marshall 1 6",-3.20097216404,51.0973300839
"AD1_2006__Marshall 1 7",-2.97816445939,51.2990340634
"AD1_2006__Marshall 1 8",-2.50484652718,51.038565174
"AD1_2006__Marshall 1 9",-2.49629890505,51.0395010284
"AD1_2006__Marshall 1 10",-2.44118076618,51.3922070421
"AD1_2006__Marshall 1 11",-2.4460551982,51.3022709861
"AD1_2006__Marshall 1 12",-2.69956382699,51.0879181638
"AD1_2006__Marshall 1 13",-1.7718125979,51.3154881532
"AD1_2006__Marshall 1 14",-2.02412645345,50.9065684148
"AD1_2006__Marshall 1 15",-1.77382447098,51.489929661
"AD1_2006__Marshall 1 16",-1.60513649295,51.3429197104
"AD1_2006__Marshall 1 17",-1.6168539192,51.3150841006
"AD1_2006__Marshall 1 18",-2.09671953273,50.9353062414
"AD1_2006__Marshall 1 19",-2.09526327915,50.9191212075
"AD1_2006__Marshall 1 20",-1.70536017707,51.8323441552
"AD1_2006__Marshall 1 21",-1.69805023294,51.8404175113
"AD1_2006__Marshall 1 22",-2.86356165861,51.0004945762
"AD1_2006__Marshall 1 23",-2.94918432341,51.0061248642
"AD1_2006__Marshall 1 24",-2.88979245554,50.9562344649
"AD1_2006__Marshall 1 25",-3.13439845816,51.1780274887
"AD1_2006__Marshall 1 26",-3.17454343113,51.068822633
"AD1_2006__Marshall 1 27",-3.19044678313,51.0767549847
"AD1_2006__Marshall 1 28",-2.96974931104,51.3080961213
"AD1_2006__Marshall 1 29",-2.49492059633,51.0440029975
"AD1_2006__Marshall 1 30",-2.48623050444,51.0314503484
"AD1_2006__Marshall 1 31",-2.4626296161,51.381334243
"AD1_2006__Marshall 1 32",-2.41738396071,51.3041751084
"AD1_2006__Marshall 1 33",-2.66362730573,51.0710424961
"AD1_2006__Marshall 1 34",-1.76892491484,51.319079203
"AD1_2006__Marshall 1 35",-2.0170076887,50.8858871698
"AD1_2006__Marshall 1 36",-1.75932702538,51.5078838081
"AD1_2006__Marshall 1 37",-1.60223407848,51.3465065985
"AD1_2006__Marshall 1 38",-1.60397181836,51.3114445607
"AD1_2006__Marshall 1 39",-2.12513792158,50.9190929456
"AD1_2006__Marshall 1 40",-2.126558078,50.918192175
"AD1_2006__Marshall 1 41",-1.81151776735,51.7795150031
"AD1_2006__Marshall 1 42",-1.81151028522,51.7813131997
"AD1_2006__Marshall 2 1",-2.87786183499,51.0030857049
"AD1_2006__Marshall 2 2",-2.89532542322,51.0218372787
"AD1_2006__Marshall 2 3",-2.90592388072,50.9803902137
"AD1_2006__Marshall 2 4",-3.1776499659,51.1910885178
"AD1_2006__Marshall 2 5",-3.17921263138,51.0840628902
"AD1_2006__Marshall 2 6",-3.20097216404,51.0973300839
"AD1_2006__Marshall 2 7",-2.97816445939,51.2990340634
"AD1_2006__Marshall 2 8",-2.50484652718,51.038565174
"AD1_2006__Marshall 2 9",-2.49629890505,51.0395010284
"AD1_2006__Marshall 2 10",-2.44118076618,51.3922070421
"AD1_2006__Marshall 2 11",-2.4460551982,51.3022709861
"AD1_2006__Marshall 2 12",-2.69956382699,51.0879181638
"AD1_2006__Marshall 2 13",-1.7718125979,51.3154881532
"AD1_2006__Marshall 2 14",-2.02412645345,50.9065684148
"AD1_2006__Marshall 2 15",-1.77382447098,51.489929661
"AD1_2006__Marshall 2 16",-1.60513649295,51.3429197104
"AD1_2006__Marshall 2 17",-1.6168539192,51.3150841006
"AD1_2006__Marshall 2 18",-2.09671953273,50.9353062414
"AD1_2006__Marshall 2 19",-2.09526327915,50.9191212075
"AD1_2006__Marshall 2 20",-1.70536017707,51.8323441552
"AD1_2006__Marshall 2 21",-1.69805023294,51.8404175113
"AD1_2006__Marshall 2 22",-2.86356165861,51.0004945762
"AD1_2006__Marshall 2 23",-2.94918432341,51.0061248642
"AD1_2006__Marshall 2 24",-2.88979245554,50.9562344649
"AD1_2006__Marshall 2 25",-3.13439845816,51.1780274887
"AD1_2006__Marshall 2 26",-3.17454343113,51.068822633
"AD1_2006__Marshall 2 27",-3.19044678313,51.0767549847
"AD1_2006__Marshall 2 28",-2.96974931104,51.3080961213
"AD1_2006__Marshall 2 29",-2.49492059633,51.0440029975
"AD1_2006__Marshall 2 30",-2.48623050444,51.0314503484
"AD1_2006__Marshall 2 31",-2.4626296161,51.381334243
"AD1_2006__Marshall 2 32",-2.41738396071,51.3041751084
"AD1_2006__Marshall 2 33",-2.66362730573,51.0710424961
"AD1_2006__Marshall 2 34",-1.76892491484,51.319079203
"AD1_2006__Marshall 2 35",-2.0170076887,50.8858871698
"AD1_2006__Marshall 2 36",-1.75932702538,51.5078838081
"AD1_2006__Marshall 2 37",-1.60223407848,51.3465065985
"AD1_2006__Marshall 2 38",-1.60397181836,51.3114445607
"AD1_2006__Marshall 2 39",-2.12513792158,50.9190929456
"AD1_2006__Marshall 2 40",-2.126558078,50.918192175
"AD1_2006__Marshall 2 41",-1.81151776735,51.7795150031
"AD1_2006__Marshall 2 42",-1.81151028522,51.7813131997
"AD1_2006__McFrederick 1 1",-122.393056,37.715
"AD1_2006__McFrederick 1 2",-122.413889,37.743056
"AD1_2006__McFrederick 1 3",-122.466667,37.717222
"AD1_2006__McFrederick 1 4",-122.441667,37.768333
"AD1_2006__McFrederick 1 5",-122.438333,37.764722
"AD1_2006__McFrederick 1 6",-122.433333,37.745833
"AD1_2006__McFrederick 1 7",-122.459444,37.741944
"AD1_2006__McFrederick 1 8",-122.455278,37.740833
"AD1_2006__McFrederick 1 9",-122.469444,37.749722
"AD1_2006__McFrederick 1 10",-122.467778,37.746667
"AD1_2006__McFrederick 1 11",-122.375556,37.735
"AD1_2006__McFrederick 1 12",-122.419444,37.718056
"AD1_2006__McFrederick 1 13",-122.47,37.786944
"AD1_2006__McFrederick 1 14",-122.455278,37.738611
"AD1_2006__McFrederick 1 15",-122.481667,37.736111
"AD1_2006__McFrederick 1 16",-122.471111,37.754444
"AD1_2006__McFrederick 1 17",-122.433556,37.6917
"AD1_2006__McFrederick 1 18",-122.461981,37.618219
"AD1_2006__McFrederick 1 19",-122.447778,37.759444
"AD1_2006__McFrederick 1 20",-122.4475,37.7525
"AD1_2006__McFrederick 2 1",-122.393056,37.715
"AD1_2006__McFrederick 2 2",-122.413889,37.743056
"AD1_2006__McFrederick 2 3",-122.466667,37.717222
"AD1_2006__McFrederick 2 4",-122.441667,37.768333
"AD1_2006__McFrederick 2 5",-122.438333,37.764722
"AD1_2006__McFrederick 2 6",-122.433333,37.745833
"AD1_2006__McFrederick 2 7",-122.459444,37.741944
"AD1_2006__McFrederick 2 8",-122.455278,37.740833
"AD1_2006__McFrederick 2 9",-122.469444,37.749722
"AD1_2006__McFrederick 2 10",-122.467778,37.746667
"AD1_2006__McFrederick 2 11",-122.375556,37.735
"AD1_2006__McFrederick 2 12",-122.419444,37.718056
"AD1_2006__McFrederick 2 13",-122.47,37.786944
"AD1_2006__McFrederick 2 14",-122.455278,37.738611
"AD1_2006__McFrederick 2 15",-122.481667,37.736111
"AD1_2006__McFrederick 2 16",-122.471111,37.754444
"AD1_2006__McFrederick 2 17",-122.433556,37.6917
"AD1_2006__McFrederick 2 18",-122.461981,37.618219
"AD1_2006__McFrederick 2 19",-122.447778,37.759444
"AD1_2006__McFrederick 2 20",-122.4475,37.7525
"AD1_2007__Hatfield 1 1",-120.22633,39.5605
"AD1_2007__Hatfield 1 2",-120.223,39.56417
"AD1_2007__Hatfield 1 3",-120.21833,39.57967
"AD1_2007__Hatfield 1 4",-120.19667,39.55083
"AD1_2007__Hatfield 1 5",-120.20083,39.54933
"AD1_2007__Hatfield 1 6",-120.195,39.54917
"AD1_2007__Hatfield 1 7",-120.2225,39.526
"AD1_2007__Hatfield 1 8",-120.27333,39.53767
"AD1_2007__Hatfield 1 9",-120.26717,39.53833
"AD1_2007__Hatfield 1 10",-120.27917,39.538
"AD1_2007__Hatfield 1 11",-120.21767,39.533
"AD1_2007__Hatfield 1 12",-120.21417,39.53167
"AD1_2007__Hatfield 1 13",-120.23217,39.493
"AD1_2007__Hatfield 1 14",-120.23517,39.49633
"AD1_2007__Hatfield 1 15",-120.23417,39.50217
"AD1_2007__Hatfield 1 16",-120.30667,39.4885
"AD1_2007__Hatfield 1 17",-120.3085,39.48883
"AD1_2007__Hatfield 1 18",-120.30967,39.48883
"AD1_2007__Hatfield 1 19",-120.2905,39.47883
"AD1_2007__Hatfield 1 20",-120.29167,39.47833
"AD1_2007__Hatfield 1 21",-120.29267,39.4785
"AD1_2007__Hatfield 1 22",-120.1925,39.46417
"AD1_2007__Hatfield 1 23",-120.19433,39.4625
"AD1_2007__Hatfield 1 24",-120.191,39.4635
"AD1_2007__Hatfield 1 25",-120.27383,39.46417
"AD1_2007__Hatfield 1 26",-120.27267,39.46267
"AD1_2007__Hatfield 1 27",-120.27333,39.46083
"AD1_2007__Hatfield 1 28",-120.34267,39.46
"AD1_2007__Hatfield 1 29",-120.34333,39.45933
"AD1_2007__Hatfield 1 30",-120.34267,39.45917
"AD1_2007__Hatfield 1 31",-120.34583,39.45417
"AD1_2007__Hatfield 1 32",-120.34583,39.45333
"AD1_2007__Hatfield 1 33",-120.34517,39.45267
"AD1_2007__Hatfield 1 34",-120.25883,39.4325
"AD1_2007__Hatfield 1 35",-120.26383,39.433
"AD1_2007__Hatfield 1 36",-120.26017,39.4335
"AD1_2007__Hatfield 1 37",-120.188,39.40467
"AD1_2007__Hatfield 1 38",-120.18217,39.41217
"AD1_2007__Hatfield 1 39",-120.16767,39.395
"AD1_2007__Hatfield 1 40",-120.0835,39.41517
"AD1_2007__Hatfield 1 41",-120.083,39.41017
"AD1_2007__Hatfield 1 42",-120.08383,39.413
"AD1_2007__Hatfield 1 43",-120.11133,39.41217
"AD1_2007__Hatfield 1 44",-120.11167,39.41133
"AD1_2007__Hatfield 1 45",-120.111,39.41083
"AD1_2007__Hatfield 1 46",-120.12383,39.40883
"AD1_2007__Hatfield 1 47",-120.13083,39.40467
"AD1_2007__Hatfield 1 48",-120.13267,39.403
"AD1_2007__Hatfield 1 49",-120.20767,39.43517
"AD1_2007__Hatfield 1 50",-120.20683,39.43467
"AD1_2007__Hatfield 1 51",-120.2085,39.43583
"AD1_2007__Hatfield 1 52",-120.37333,39.486
"AD1_2007__Hatfield 1 53",-120.37333,39.48717
"AD1_2007__Hatfield 1 54",-120.37217,39.48683
"AD1_2007__Hatfield 1 55",-120.345,39.48833
"AD1_2007__Hatfield 1 56",-120.34517,39.48833
"AD1_2007__Hatfield 1 57",-120.34517,39.48767
"AD1_2007__Hatfield 1 58",-120.168058,39.403608
"AD1_2007__Hatfield 1 59",-120.16972,39.404162
"AD1_2007__Hatfield 1 60",-120.169719,39.403892
"AD1_2007__Hatfield 1 61",-120.22633,39.5605
"AD1_2007__Hatfield 1 62",-120.223,39.56417
"AD1_2007__Hatfield 1 63",-120.21833,39.57967
"AD1_2007__Hatfield 1 64",-120.19667,39.55083
"AD1_2007__Hatfield 1 65",-120.20083,39.54933
"AD1_2007__Hatfield 1 66",-120.195,39.54917
"AD1_2007__Hatfield 1 67",-120.2225,39.526
"AD1_2007__Hatfield 1 68",-120.27333,39.53767
"AD1_2007__Hatfield 1 69",-120.26717,39.53833
"AD1_2007__Hatfield 1 70",-120.27917,39.538
"AD1_2007__Hatfield 1 71",-120.21767,39.533
"AD1_2007__Hatfield 1 72",-120.21417,39.53167
"AD1_2007__Hatfield 1 73",-120.23217,39.493
"AD1_2007__Hatfield 1 74",-120.23517,39.49633
"AD1_2007__Hatfield 1 75",-120.23417,39.50217
"AD1_2007__Hatfield 1 76",-120.30667,39.4885
"AD1_2007__Hatfield 1 77",-120.3085,39.48883
"AD1_2007__Hatfield 1 78",-120.30967,39.48883
"AD1_2007__Hatfield 1 79",-120.2905,39.47883
"AD1_2007__Hatfield 1 80",-120.29167,39.47833
"AD1_2007__Hatfield 1 81",-120.29267,39.4785
"AD1_2007__Hatfield 1 82",-120.1925,39.46417
"AD1_2007__Hatfield 1 83",-120.19433,39.4625
"AD1_2007__Hatfield 1 84",-120.191,39.4635
"AD1_2007__Hatfield 1 85",-120.27383,39.46417
"AD1_2007__Hatfield 1 86",-120.27267,39.46267
"AD1_2007__Hatfield 1 87",-120.27333,39.46083
"AD1_2007__Hatfield 1 88",-120.34267,39.46
"AD1_2007__Hatfield 1 89",-120.34333,39.45933
"AD1_2007__Hatfield 1 90",-120.34267,39.45917
"AD1_2007__Hatfield 1 91",-120.34583,39.45417
"AD1_2007__Hatfield 1 92",-120.34583,39.45333
"AD1_2007__Hatfield 1 93",-120.34517,39.45267
"AD1_2007__Hatfield 1 94",-120.25883,39.4325
"AD1_2007__Hatfield 1 95",-120.26383,39.433
"AD1_2007__Hatfield 1 96",-120.26017,39.4335
"AD1_2007__Hatfield 1 97",-120.188,39.40467
"AD1_2007__Hatfield 1 98",-120.18217,39.41217
"AD1_2007__Hatfield 1 99",-120.16767,39.395
"AD1_2007__Hatfield 1 100",-120.0835,39.41517
"AD1_2007__Hatfield 1 101",-120.083,39.41017
"AD1_2007__Hatfield 1 102",-120.08383,39.413
"AD1_2007__Hatfield 1 103",-120.11133,39.41217
"AD1_2007__Hatfield 1 104",-120.11167,39.41133
"AD1_2007__Hatfield 1 105",-120.111,39.41083
"AD1_2007__Hatfield 1 106",-120.12383,39.40883
"AD1_2007__Hatfield 1 107",-120.13083,39.40467
"AD1_2007__Hatfield 1 108",-120.13267,39.403
"AD1_2007__Hatfield 1 109",-120.20767,39.43517
"AD1_2007__Hatfield 1 110",-120.20683,39.43467
"AD1_2007__Hatfield 1 111",-120.2085,39.43583
"AD1_2007__Hatfield 1 112",-120.37333,39.486
"AD1_2007__Hatfield 1 113",-120.37333,39.48717
"AD1_2007__Hatfield 1 114",-120.37217,39.48683
"AD1_2007__Hatfield 1 115",-120.345,39.48833
"AD1_2007__Hatfield 1 116",-120.34517,39.48833
"AD1_2007__Hatfield 1 117",-120.34517,39.48767
"AD1_2007__Hatfield 1 118",-120.168058,39.403608
"AD1_2007__Hatfield 1 119",-120.16972,39.404162
"AD1_2007__Hatfield 1 120",-120.169719,39.403892
"AD1_2007__Meyer 1 1",9.74953095818,51.4624682373
"AD1_2007__Meyer 1 2",9.84202527866,51.5959276934
"AD1_2007__Meyer 1 3",10.0150158383,51.5059059371
"AD1_2007__Meyer 1 4",9.84132503786,51.447859049
"AD1_2007__Meyer 1 5",9.77416625393,51.5058386164
"AD1_2007__Meyer 1 6",9.78846768472,51.5966235194
"AD1_2007__Meyer 1 7",9.77891083372,51.3955374699
"AD1_2007__Meyer 1 8",9.83984037566,51.6432930766
"AD1_2007__Meyer 1 9",9.99499006328,51.4752562079
"AD1_2007__Meyer 1 10",9.84575457635,51.5768368259
"AD1_2007__Meyer 1 11",9.7612937102,51.4058192887
"AD1_2007__Meyer 1 12",9.87069266808,51.4142792417
"AD1_2007__Meyer 1 13",9.93794903352,51.4226586084
"AD1_2007__Meyer 1 14",9.76935652725,51.4315095038
"AD1_2007__Meyer 1 15",9.7760430662,51.5865317555
"AD1_2007__Meyer 2 1",9.93794903352,51.4226586084
"AD1_2007__Meyer 2 2",9.84202527866,51.5959276934
"AD1_2007__Meyer 2 3",9.8378744142,51.4259609458
"AD1_2007__Meyer 2 4",9.84212403121,51.4357818253
"AD1_2007__Meyer 2 5",9.77891083372,51.3955374699
"AD1_2007__Meyer 2 6",9.99499006328,51.4752562079
"AD1_2007__Meyer 2 7",9.84575457635,51.5768368259
"AD1_2007__Meyer 2 8",10.0150158383,51.5059059371
"AD1_2007__Meyer 2 9",9.76935652725,51.4315095038
"AD1_2007__Meyer 2 10",9.79252015878,51.4488375533
"AD1_2007__Meyer 2 11",9.76198723609,51.5389683557
"AD1_2007__Meyer 2 12",9.7760430662,51.5865317555
"AD1_2007__Meyer 2 13",9.84132503786,51.447859049
"AD1_2007__Meyer 2 14",9.79212593489,51.602000769
"AD1_2007__Meyer 2 15",9.7612937102,51.4058192887
"AD1_2008__Billeter 1 1",5.61466316817,51.1761189509
"AD1_2008__Billeter 1 2",5.62208203273,51.1676031752
"AD1_2008__Billeter 1 3",5.62972160334,51.1529200494
"AD1_2008__Billeter 1 4",5.63140887576,51.1653126899
"AD1_2008__Billeter 1 5",5.6350696869,51.1545469728
"AD1_2008__Billeter 1 6",5.63958221873,51.1713076573
"AD1_2008__Billeter 1 7",5.63990225372,51.179234593
"AD1_2008__Billeter 1 8",5.64494861495,51.1640061107
"AD1_2008__Billeter 1 9",5.64577462684,51.1571295825
"AD1_2008__Billeter 1 10",5.65198187147,51.1729394568
"AD1_2008__Billeter 1 11",5.65251483072,51.1526088534
"AD1_2008__Billeter 1 12",5.65787482061,51.1668742876
"AD1_2008__Billeter 1 13",5.66259148846,51.1681471463
"AD1_2008__Billeter 1 14",5.6663982548,51.1759703851
"AD1_2008__Billeter 1 15",5.67121887908,51.1539082087
"AD1_2008__Billeter 1 16",5.67577255176,51.1577495209
"AD1_2008__Billeter 1 17",4.78508459441,50.7691268292
"AD1_2008__Billeter 1 18",4.78768063762,50.788441507
"AD1_2008__Billeter 1 19",4.78821145773,50.8007836749
"AD1_2008__Billeter 1 20",4.79415014915,50.7787561803
"AD1_2008__Billeter 1 21",4.79755031961,50.7826650227
"AD1_2008__Billeter 1 22",4.80541315781,50.7939318314
"AD1_2008__Billeter 1 23",4.80863065169,50.774342162
"AD1_2008__Billeter 1 24",4.81137500307,50.794970445
"AD1_2008__Billeter 1 25",4.81379697013,50.7978348444
"AD1_2008__Billeter 1 26",4.81626207782,50.7730583904
"AD1_2008__Billeter 1 27",4.82522603654,50.7799450534
"AD1_2008__Billeter 1 28",4.82981802416,50.7811341328
"AD1_2008__Billeter 1 29",4.83260059213,50.7992030104
"AD1_2008__Billeter 1 30",4.83690648126,50.7745146978
"AD1_2008__Billeter 1 31",4.83837458976,50.7943464487
"AD1_2008__Billeter 1 32",3.65280374981,51.2422162281
"AD1_2008__Billeter 1 33",3.65875500669,51.2287271446
"AD1_2008__Billeter 1 34",3.66139541511,51.2495872017
"AD1_2008__Billeter 1 35",3.66372585201,51.2221446485
"AD1_2008__Billeter 1 36",3.66783521395,51.2222220996
"AD1_2008__Billeter 1 37",3.668472734,51.2435298218
"AD1_2008__Billeter 1 38",3.66913978836,51.2478829382
"AD1_2008__Billeter 1 39",3.6222492756,51.2488695504
"AD1_2008__Billeter 1 40",3.62808888707,51.2252861463
"AD1_2008__Billeter 1 41",3.63181869683,51.2298000844
"AD1_2008__Billeter 1 42",3.63369531401,51.2411621162
"AD1_2008__Billeter 1 43",3.63917693262,51.2274412272
"AD1_2008__Billeter 1 44",3.64115764663,51.2376546052
"AD1_2008__Billeter 1 45",3.64142453515,51.2241489424
"AD1_2008__Billeter 1 46",3.64809701027,51.2515224952
"AD1_2008__Billeter 1 47",5.78487930483,50.6957827917
"AD1_2008__Billeter 1 48",5.78501401388,50.6886356654
"AD1_2008__Billeter 1 49",5.79019459312,50.6767973029
"AD1_2008__Billeter 1 50",5.7934459941,50.7039530588
"AD1_2008__Billeter 1 51",5.79969724554,50.6817591173
"AD1_2008__Billeter 1 52",5.801977679,50.6898895189
"AD1_2008__Billeter 1 53",5.80308613022,50.7016414223
"AD1_2008__Billeter 1 54",5.80721436953,50.7095326659
"AD1_2008__Billeter 1 55",5.81612136796,50.6812983819
"AD1_2008__Billeter 1 56",5.81709320301,50.696132422
"AD1_2008__Billeter 1 57",5.81788388402,50.6877555476
"AD1_2008__Billeter 1 58",5.82030475727,50.703387292
"AD1_2008__Billeter 1 59",5.82598746136,50.7034647361
"AD1_2008__Billeter 1 60",5.82746398973,50.6844365452
"AD1_2008__Billeter 1 61",5.82950512942,50.7051322289
"AD1_2008__Billeter 1 62",5.8374941045,50.6930953318
"AD1_2008__Billeter 1 63",4.82099425639,50.786767069
"AD1_2008__Billeter 1 64",3.66983158896,51.2322201536
"AD1_2008__Billeter 2 1",5.61466316817,51.1761189509
"AD1_2008__Billeter 2 2",5.62208203273,51.1676031752
"AD1_2008__Billeter 2 3",5.62972160334,51.1529200494
"AD1_2008__Billeter 2 4",5.63140887576,51.1653126899
"AD1_2008__Billeter 2 5",5.6350696869,51.1545469728
"AD1_2008__Billeter 2 6",5.63958221873,51.1713076573
"AD1_2008__Billeter 2 7",5.63990225372,51.179234593
"AD1_2008__Billeter 2 8",5.64494861495,51.1640061107
"AD1_2008__Billeter 2 9",5.64577462684,51.1571295825
"AD1_2008__Billeter 2 10",5.65198187147,51.1729394568
"AD1_2008__Billeter 2 11",5.65251483072,51.1526088534
"AD1_2008__Billeter 2 12",5.65787482061,51.1668742876
"AD1_2008__Billeter 2 13",5.66259148846,51.1681471463
"AD1_2008__Billeter 2 14",5.6663982548,51.1759703851
"AD1_2008__Billeter 2 15",5.67121887908,51.1539082087
"AD1_2008__Billeter 2 16",5.67577255176,51.1577495209
"AD1_2008__Billeter 2 17",4.78508459441,50.7691268292
"AD1_2008__Billeter 2 18",4.78768063762,50.788441507
"AD1_2008__Billeter 2 19",4.78821145773,50.8007836749
"AD1_2008__Billeter 2 20",4.79415014915,50.7787561803
"AD1_2008__Billeter 2 21",4.79755031961,50.7826650227
"AD1_2008__Billeter 2 22",4.80541315781,50.7939318314
"AD1_2008__Billeter 2 23",4.80863065169,50.774342162
"AD1_2008__Billeter 2 24",4.81137500307,50.794970445
"AD1_2008__Billeter 2 25",4.81379697013,50.7978348444
"AD1_2008__Billeter 2 26",4.81626207782,50.7730583904
"AD1_2008__Billeter 2 27",4.82522603654,50.7799450534
"AD1_2008__Billeter 2 28",4.82981802416,50.7811341328
"AD1_2008__Billeter 2 29",4.83260059213,50.7992030104
"AD1_2008__Billeter 2 30",4.83690648126,50.7745146978
"AD1_2008__Billeter 2 31",4.83837458976,50.7943464487
"AD1_2008__Billeter 2 32",3.65280374981,51.2422162281
"AD1_2008__Billeter 2 33",3.65875500669,51.2287271446
"AD1_2008__Billeter 2 34",3.66139541511,51.2495872017
"AD1_2008__Billeter 2 35",3.66372585201,51.2221446485
"AD1_2008__Billeter 2 36",3.66783521395,51.2222220996
"AD1_2008__Billeter 2 37",3.668472734,51.2435298218
"AD1_2008__Billeter 2 38",3.66913978836,51.2478829382
"AD1_2008__Billeter 2 39",3.6222492756,51.2488695504
"AD1_2008__Billeter 2 40",3.62808888707,51.2252861463
"AD1_2008__Billeter 2 41",3.63181869683,51.2298000844
"AD1_2008__Billeter 2 42",3.63369531401,51.2411621162
"AD1_2008__Billeter 2 43",3.63917693262,51.2274412272
"AD1_2008__Billeter 2 44",3.64115764663,51.2376546052
"AD1_2008__Billeter 2 45",3.64142453515,51.2241489424
"AD1_2008__Billeter 2 46",3.64809701027,51.2515224952
"AD1_2008__Billeter 2 47",5.78487930483,50.6957827917
"AD1_2008__Billeter 2 48",5.78501401388,50.6886356654
"AD1_2008__Billeter 2 49",5.79019459312,50.6767973029
"AD1_2008__Billeter 2 50",5.7934459941,50.7039530588
"AD1_2008__Billeter 2 51",5.79969724554,50.6817591173
"AD1_2008__Billeter 2 52",5.801977679,50.6898895189
"AD1_2008__Billeter 2 53",5.80308613022,50.7016414223
"AD1_2008__Billeter 2 54",5.80721436953,50.7095326659
"AD1_2008__Billeter 2 55",5.81612136796,50.6812983819
"AD1_2008__Billeter 2 56",5.81709320301,50.696132422
"AD1_2008__Billeter 2 57",5.81788388402,50.6877555476
"AD1_2008__Billeter 2 58",5.82030475727,50.703387292
"AD1_2008__Billeter 2 59",5.82598746136,50.7034647361
"AD1_2008__Billeter 2 60",5.82746398973,50.6844365452
"AD1_2008__Billeter 2 61",5.82950512942,50.7051322289
"AD1_2008__Billeter 2 62",5.8374941045,50.6930953318
"AD1_2008__Billeter 2 63",4.82099425639,50.786767069
"AD1_2008__Billeter 2 64",3.66983158896,51.2322201536
"AD1_2008__Billeter 5 1",24.5492967029,58.503623471
"AD1_2008__Billeter 5 2",24.550833287,58.4794908755
"AD1_2008__Billeter 5 3",24.5574287798,58.487250488
"AD1_2008__Billeter 5 4",24.5599869815,58.4997398074
"AD1_2008__Billeter 5 5",24.5645199197,58.4963845583
"AD1_2008__Billeter 5 6",24.566783619,58.4927936372
"AD1_2008__Billeter 5 7",24.5711126672,58.5034439209
"AD1_2008__Billeter 5 8",24.5710084363,58.4806957773
"AD1_2008__Billeter 5 9",24.580869378,58.4964872101
"AD1_2008__Billeter 5 10",24.5815957295,58.476806113
"AD1_2008__Billeter 5 11",24.5844970586,58.5041135479
"AD1_2008__Billeter 5 12",24.5845561008,58.49215604
"AD1_2008__Billeter 5 13",24.6004294025,58.5107653233
"AD1_2008__Billeter 5 14",24.6028431471,58.4758496009
"AD1_2008__Billeter 5 15",24.6045830299,58.5018174343
"AD1_2008__Billeter 5 16",24.6066779165,58.4929527384
"AD1_2008__Billeter 5 17",24.980414559,58.5593310636
"AD1_2008__Billeter 5 18",24.9859953326,58.5666560207
"AD1_2008__Billeter 5 19",25.0004200182,58.5720377919
"AD1_2008__Billeter 5 20",25.0006654359,58.5667291342
"AD1_2008__Billeter 5 21",25.0002666011,58.5509551343
"AD1_2008__Billeter 5 22",25.0017586753,58.5787949574
"AD1_2008__Billeter 5 23",25.0045027475,58.5584140076
"AD1_2008__Billeter 5 24",25.0057928499,58.5724705049
"AD1_2008__Billeter 5 25",25.0136029886,58.5795592695
"AD1_2008__Billeter 5 26",25.0133394936,58.5491497566
"AD1_2008__Billeter 5 27",25.0268369145,58.5504470693
"AD1_2008__Billeter 5 28",25.0297159135,58.5653950944
"AD1_2008__Billeter 5 29",25.0319250565,58.578787487
"AD1_2008__Billeter 5 30",25.0386301326,58.5583532067
"AD1_2008__Billeter 5 31",25.0408114422,58.5751226435
"AD1_2008__Billeter 5 32",25.0465575942,58.5660300158
"AD1_2008__Billeter 5 33",25.6118045831,58.3414781913
"AD1_2008__Billeter 5 34",25.6115460303,58.3322552878
"AD1_2008__Billeter 5 35",25.6198097822,58.3237185588
"AD1_2008__Billeter 5 36",25.6261155521,58.349872156
"AD1_2008__Billeter 5 37",25.6312623158,58.3155331804
"AD1_2008__Billeter 5 38",25.6314863953,58.318453447
"AD1_2008__Billeter 5 39",25.6375408345,58.3520795074
"AD1_2008__Billeter 5 40",25.6384623919,58.3324587067
"AD1_2008__Billeter 5 41",25.6438172788,58.33061855
"AD1_2008__Billeter 5 42",25.6486455228,58.338664037
"AD1_2008__Billeter 5 43",25.6530652474,58.3329611619
"AD1_2008__Billeter 5 44",25.6571538877,58.3492262649
"AD1_2008__Billeter 5 45",25.6582894742,58.3190897196
"AD1_2008__Billeter 5 46",25.6638678695,58.3420212332
"AD1_2008__Billeter 5 47",25.6715824567,58.3360830337
"AD1_2008__Billeter 5 48",25.6737442795,58.3270635307
"AD1_2008__Billeter 5 49",26.2500475072,59.1721693164
"AD1_2008__Billeter 5 50",26.2496864536,59.142666467
"AD1_2008__Billeter 5 51",26.2524142975,59.1582092174
"AD1_2008__Billeter 5 52",26.2552310023,59.1505187186
"AD1_2008__Billeter 5 53",26.2654982463,59.1696040828
"AD1_2008__Billeter 5 54",26.2717362494,59.1539112842
"AD1_2008__Billeter 5 55",26.2786157034,59.1401408294
"AD1_2008__Billeter 5 56",26.2810019276,59.1630734934
"AD1_2008__Billeter 5 57",26.281048167,59.1412088457
"AD1_2008__Billeter 5 58",26.2892931568,59.1482479285
"AD1_2008__Billeter 5 59",26.2959152446,59.162276999
"AD1_2008__Billeter 5 60",26.2973625114,59.1676453336
"AD1_2008__Billeter 5 61",26.3050538219,59.1473527489
"AD1_2008__Billeter 5 62",26.3079762828,59.1460145083
"AD1_2008__Billeter 5 63",26.3094084034,59.1621849277
"AD1_2008__Billeter 5 64",26.311064366,59.1671361669
"AD1_2008__Billeter 6 1",24.5492967029,58.503623471
"AD1_2008__Billeter 6 2",24.550833287,58.4794908755
"AD1_2008__Billeter 6 3",24.5574287798,58.487250488
"AD1_2008__Billeter 6 4",24.5599869815,58.4997398074
"AD1_2008__Billeter 6 5",24.5645199197,58.4963845583
"AD1_2008__Billeter 6 6",24.566783619,58.4927936372
"AD1_2008__Billeter 6 7",24.5711126672,58.5034439209
"AD1_2008__Billeter 6 8",24.5710084363,58.4806957773
"AD1_2008__Billeter 6 9",24.580869378,58.4964872101
"AD1_2008__Billeter 6 10",24.5815957295,58.476806113
"AD1_2008__Billeter 6 11",24.5844970586,58.5041135479
"AD1_2008__Billeter 6 12",24.5845561008,58.49215604
"AD1_2008__Billeter 6 13",24.6004294025,58.5107653233
"AD1_2008__Billeter 6 14",24.6028431471,58.4758496009
"AD1_2008__Billeter 6 15",24.6045830299,58.5018174343
"AD1_2008__Billeter 6 16",24.6066779165,58.4929527384
"AD1_2008__Billeter 6 17",24.980414559,58.5593310636
"AD1_2008__Billeter 6 18",24.9859953326,58.5666560207
"AD1_2008__Billeter 6 19",25.0004200182,58.5720377919
"AD1_2008__Billeter 6 20",25.0006654359,58.5667291342
"AD1_2008__Billeter 6 21",25.0002666011,58.5509551343
"AD1_2008__Billeter 6 22",25.0017586753,58.5787949574
"AD1_2008__Billeter 6 23",25.0045027475,58.5584140076
"AD1_2008__Billeter 6 24",25.0057928499,58.5724705049
"AD1_2008__Billeter 6 25",25.0136029886,58.5795592695
"AD1_2008__Billeter 6 26",25.0133394936,58.5491497566
"AD1_2008__Billeter 6 27",25.0268369145,58.5504470693
"AD1_2008__Billeter 6 28",25.0297159135,58.5653950944
"AD1_2008__Billeter 6 29",25.0319250565,58.578787487
"AD1_2008__Billeter 6 30",25.0386301326,58.5583532067
"AD1_2008__Billeter 6 31",25.0408114422,58.5751226435
"AD1_2008__Billeter 6 32",25.0465575942,58.5660300158
"AD1_2008__Billeter 6 33",25.6118045831,58.3414781913
"AD1_2008__Billeter 6 34",25.6115460303,58.3322552878
"AD1_2008__Billeter 6 35",25.6198097822,58.3237185588
"AD1_2008__Billeter 6 36",25.6261155521,58.349872156
"AD1_2008__Billeter 6 37",25.6312623158,58.3155331804
"AD1_2008__Billeter 6 38",25.6314863953,58.318453447
"AD1_2008__Billeter 6 39",25.6375408345,58.3520795074
"AD1_2008__Billeter 6 40",25.6384623919,58.3324587067
"AD1_2008__Billeter 6 41",25.6438172788,58.33061855
"AD1_2008__Billeter 6 42",25.6486455228,58.338664037
"AD1_2008__Billeter 6 43",25.6530652474,58.3329611619
"AD1_2008__Billeter 6 44",25.6571538877,58.3492262649
"AD1_2008__Billeter 6 45",25.6582894742,58.3190897196
"AD1_2008__Billeter 6 46",25.6638678695,58.3420212332
"AD1_2008__Billeter 6 47",25.6715824567,58.3360830337
"AD1_2008__Billeter 6 48",25.6737442795,58.3270635307
"AD1_2008__Billeter 6 49",26.2500475072,59.1721693164
"AD1_2008__Billeter 6 50",26.2496864536,59.142666467
"AD1_2008__Billeter 6 51",26.2524142975,59.1582092174
"AD1_2008__Billeter 6 52",26.2552310023,59.1505187186
"AD1_2008__Billeter 6 53",26.2654982463,59.1696040828
"AD1_2008__Billeter 6 54",26.2717362494,59.1539112842
"AD1_2008__Billeter 6 55",26.2786157034,59.1401408294
"AD1_2008__Billeter 6 56",26.2810019276,59.1630734934
"AD1_2008__Billeter 6 57",26.281048167,59.1412088457
"AD1_2008__Billeter 6 58",26.2892931568,59.1482479285
"AD1_2008__Billeter 6 59",26.2959152446,59.162276999
"AD1_2008__Billeter 6 60",26.2973625114,59.1676453336
"AD1_2008__Billeter 6 61",26.3050538219,59.1473527489
"AD1_2008__Billeter 6 62",26.3079762828,59.1460145083
"AD1_2008__Billeter 6 63",26.3094084034,59.1621849277
"AD1_2008__Billeter 6 64",26.311064366,59.1671361669
"AD1_2008__Billeter 7 1",-2.55067899279,48.51489559
"AD1_2008__Billeter 7 2",-2.54990413828,48.52751173
"AD1_2008__Billeter 7 3",-2.54927518837,48.53674922
"AD1_2008__Billeter 7 4",-2.54754808253,48.52467278
"AD1_2008__Billeter 7 5",-2.53425573524,48.52361726
"AD1_2008__Billeter 7 6",-2.53262329223,48.51276132
"AD1_2008__Billeter 7 7",-2.53273609827,48.52979499
"AD1_2008__Billeter 7 8",-2.52940035235,48.53550519
"AD1_2008__Billeter 7 9",-2.5231315123,48.52437918
"AD1_2008__Billeter 7 10",-2.51861501406,48.54393909
"AD1_2008__Billeter 7 11",-2.51396241671,48.51276676
"AD1_2008__Billeter 7 12",-2.51506746523,48.53446671
"AD1_2008__Billeter 7 13",-2.5140203004,48.54030253
"AD1_2008__Billeter 7 14",-2.50679023962,48.52809865
"AD1_2008__Billeter 7 15",-2.50173998648,48.52164282
"AD1_2008__Billeter 7 16",-2.49860033454,48.51757519
"AD1_2008__Billeter 7 17",-1.63992344326,48.45551876
"AD1_2008__Billeter 7 18",-1.63820796837,48.4685574
"AD1_2008__Billeter 7 19",-1.63732289918,48.48343022
"AD1_2008__Billeter 7 20",-1.6330269014,48.47533714
"AD1_2008__Billeter 7 21",-1.62822000144,48.45762079
"AD1_2008__Billeter 7 22",-1.62466338675,48.47104389
"AD1_2008__Billeter 7 23",-1.62480080495,48.48282504
"AD1_2008__Billeter 7 24",-1.62280860394,48.4626476
"AD1_2008__Billeter 7 25",-1.61391957622,48.46253083
"AD1_2008__Billeter 7 26",-1.61423176657,48.47423438
"AD1_2008__Billeter 7 27",-1.61228144482,48.4881549
"AD1_2008__Billeter 7 28",-1.60733475733,48.45341519
"AD1_2008__Billeter 7 29",-1.59799589492,48.45914077
"AD1_2008__Billeter 7 30",-1.59823268746,48.48172922
"AD1_2008__Billeter 7 31",-1.59107453031,48.46980795
"AD1_2008__Billeter 7 32",-1.5903651742,48.4721532
"AD1_2008__Billeter 7 33",-1.6106632369,48.54059296
"AD1_2008__Billeter 7 34",-1.60830690511,48.52280018
"AD1_2008__Billeter 7 35",-1.60548580507,48.53968292
"AD1_2008__Billeter 7 36",-1.60603556424,48.55263662
"AD1_2008__Billeter 7 37",-1.59451369942,48.54232601
"AD1_2008__Billeter 7 38",-1.59279950569,48.55362518
"AD1_2008__Billeter 7 39",-1.5913563362,48.53506297
"AD1_2008__Billeter 7 40",-1.58852921303,48.53091877
"AD1_2008__Billeter 7 41",-1.58035862416,48.5298424
"AD1_2008__Billeter 7 42",-1.58085660996,48.53850461
"AD1_2008__Billeter 7 43",-1.58001567497,48.54731029
"AD1_2008__Billeter 7 44",-1.57939201432,48.55382532
"AD1_2008__Billeter 7 45",-1.57230699204,48.55515059
"AD1_2008__Billeter 7 46",-1.56373195588,48.5455149
"AD1_2008__Billeter 7 47",-1.56249299628,48.53723226
"AD1_2008__Billeter 7 48",-1.56009494616,48.52401542
"AD1_2008__Billeter 8 1",-2.55067899279,48.5148955914
"AD1_2008__Billeter 8 2",-2.54990413828,48.5275117288
"AD1_2008__Billeter 8 3",-2.54927518837,48.536749217
"AD1_2008__Billeter 8 4",-2.54754808253,48.5246727766
"AD1_2008__Billeter 8 5",-2.53425573524,48.5236172589
"AD1_2008__Billeter 8 6",-2.53262329223,48.5127613189
"AD1_2008__Billeter 8 7",-2.53273609827,48.529794993
"AD1_2008__Billeter 8 8",-2.52940035235,48.5355051853
"AD1_2008__Billeter 8 9",-2.5231315123,48.5243791836
"AD1_2008__Billeter 8 10",-2.51861501406,48.5439390937
"AD1_2008__Billeter 8 11",-2.51396241671,48.5127667642
"AD1_2008__Billeter 8 12",-2.51506746523,48.5344667074
"AD1_2008__Billeter 8 13",-2.5140203004,48.5403025263
"AD1_2008__Billeter 8 14",-2.50679023962,48.5280986456
"AD1_2008__Billeter 8 15",-2.50173998648,48.521642822
"AD1_2008__Billeter 8 16",-2.49860033454,48.5175751942
"AD1_2008__Billeter 8 17",-1.63992344326,48.4555187643
"AD1_2008__Billeter 8 18",-1.63820796837,48.4685573959
"AD1_2008__Billeter 8 19",-1.63732289918,48.4834302228
"AD1_2008__Billeter 8 20",-1.6330269014,48.475337137
"AD1_2008__Billeter 8 21",-1.62822000144,48.4576207906
"AD1_2008__Billeter 8 22",-1.62466338675,48.4710438946
"AD1_2008__Billeter 8 23",-1.62480080495,48.4828250446
"AD1_2008__Billeter 8 24",-1.62280860394,48.4626476009
"AD1_2008__Billeter 8 25",-1.61391957622,48.462530833
"AD1_2008__Billeter 8 26",-1.61423176657,48.4742343768
"AD1_2008__Billeter 8 27",-1.61228144482,48.4881549002
"AD1_2008__Billeter 8 28",-1.60733475733,48.4534151931
"AD1_2008__Billeter 8 29",-1.59799589492,48.4591407718
"AD1_2008__Billeter 8 30",-1.59823268746,48.4817292174
"AD1_2008__Billeter 8 31",-1.59107453031,48.4698079465
"AD1_2008__Billeter 8 32",-1.5903651742,48.4721532009
"AD1_2008__Billeter 8 33",-1.6106632369,48.5405929555
"AD1_2008__Billeter 8 34",-1.60830690511,48.5228001838
"AD1_2008__Billeter 8 35",-1.60548580507,48.5396829203
"AD1_2008__Billeter 8 36",-1.60603556424,48.552636618
"AD1_2008__Billeter 8 37",-1.59451369942,48.5423260095
"AD1_2008__Billeter 8 38",-1.59279950569,48.5536251754
"AD1_2008__Billeter 8 39",-1.5913563362,48.5350629743
"AD1_2008__Billeter 8 40",-1.58852921303,48.5309187705
"AD1_2008__Billeter 8 41",-1.58035862416,48.529842399
"AD1_2008__Billeter 8 42",-1.58085660996,48.5385046105
"AD1_2008__Billeter 8 43",-1.58001567497,48.5473102926
"AD1_2008__Billeter 8 44",-1.57939201432,48.553825321
"AD1_2008__Billeter 8 45",-1.57230699204,48.5551505886
"AD1_2008__Billeter 8 46",-1.56373195588,48.5455148982
"AD1_2008__Billeter 8 47",-1.56249299628,48.5372322642
"AD1_2008__Billeter 8 48",-1.56009494616,48.5240154204
"AD1_2008__Billeter 9 1",11.6814424734,51.6027083091
"AD1_2008__Billeter 9 2",11.6823861916,51.6155282599
"AD1_2008__Billeter 9 3",11.6861450869,51.627876138
"AD1_2008__Billeter 9 4",11.689146946,51.6183696002
"AD1_2008__Billeter 9 5",11.693837395,51.6058226014
"AD1_2008__Billeter 9 6",11.6960334079,51.6313758345
"AD1_2008__Billeter 9 7",11.702341504,51.6119615258
"AD1_2008__Billeter 9 8",11.7030866912,51.6194111639
"AD1_2008__Billeter 9 9",11.7159080871,51.6124771285
"AD1_2008__Billeter 9 10",11.7201382084,51.6045833544
"AD1_2008__Billeter 9 11",11.7227858493,51.6209871803
"AD1_2008__Billeter 9 12",11.7231824564,51.6270100571
"AD1_2008__Billeter 9 13",11.7266464114,51.6116317815
"AD1_2008__Billeter 9 14",11.7330527127,51.6321315882
"AD1_2008__Billeter 9 15",11.738295267,51.6260116107
"AD1_2008__Billeter 9 16",11.7453790854,51.6054071585
"AD1_2008__Billeter 9 17",11.4082611917,51.6381071909
"AD1_2008__Billeter 9 18",11.4134247949,51.6202096844
"AD1_2008__Billeter 9 19",11.4151769959,51.6269078236
"AD1_2008__Billeter 9 20",11.4164084032,51.6440262373
"AD1_2008__Billeter 9 21",11.4241533917,51.6461938998
"AD1_2008__Billeter 9 22",11.4268692123,51.6207005719
"AD1_2008__Billeter 9 23",11.4278466831,51.626280687
"AD1_2008__Billeter 9 24",11.4323192756,51.630890455
"AD1_2008__Billeter 9 25",11.4373013865,51.6444355423
"AD1_2008__Billeter 9 26",11.4404233714,51.6252098169
"AD1_2008__Billeter 9 27",11.4406683004,51.6177779801
"AD1_2008__Billeter 9 28",11.4452203226,51.633487269
"AD1_2008__Billeter 9 29",11.4579880779,51.6220324092
"AD1_2008__Billeter 9 30",11.4588699695,51.6337558564
"AD1_2008__Billeter 9 31",11.4609080557,51.6412450156
"AD1_2008__Billeter 9 32",11.4650204953,51.623197865
"AD1_2008__Billeter 9 33",11.7026022548,51.3684423136
"AD1_2008__Billeter 9 34",11.7031904522,51.3924154581
"AD1_2008__Billeter 9 35",11.7050297693,51.3632528782
"AD1_2008__Billeter 9 36",11.7066579531,51.3798193592
"AD1_2008__Billeter 9 37",11.7143967701,51.3899800102
"AD1_2008__Billeter 9 38",11.719302956,51.3666097451
"AD1_2008__Billeter 9 39",11.7206399003,51.3824882431
"AD1_2008__Billeter 9 40",11.7234985878,51.3720614805
"AD1_2008__Billeter 9 41",11.7308500742,51.3796287765
"AD1_2008__Billeter 9 42",11.7308649144,51.3878362185
"AD1_2008__Billeter 9 43",11.7309983559,51.3682893868
"AD1_2008__Billeter 9 44",11.7384928941,51.3758708447
"AD1_2008__Billeter 9 45",11.7452169362,51.363697054
"AD1_2008__Billeter 9 46",11.7474781302,51.3903402515
"AD1_2008__Billeter 9 47",11.7495550374,51.3802022761
"AD1_2008__Billeter 9 48",11.7530319402,51.3753256745
"AD1_2008__Billeter 9 49",11.4100103373,52.09523065
"AD1_2008__Billeter 9 50",11.4148618009,52.0759608343
"AD1_2008__Billeter 9 51",11.4160697508,52.0679413056
"AD1_2008__Billeter 9 52",11.4176719196,52.0850609702
"AD1_2008__Billeter 9 53",11.4194362016,52.0890775466
"AD1_2008__Billeter 9 54",11.4272135951,52.0675072772
"AD1_2008__Billeter 9 55",11.4311782521,52.0785726721
"AD1_2008__Billeter 9 56",11.4322526148,52.0953298329
"AD1_2008__Billeter 9 57",11.4380586724,52.0976879007
"AD1_2008__Billeter 9 58",11.4424030015,52.0832180462
"AD1_2008__Billeter 9 59",11.4432409114,52.0678779151
"AD1_2008__Billeter 9 60",11.4481426987,52.0724748386
"AD1_2008__Billeter 9 61",11.4530237942,52.076959861
"AD1_2008__Billeter 9 62",11.4562246892,52.097828984
"AD1_2008__Billeter 9 63",11.4569424601,52.0817309021
"AD1_2008__Billeter 9 64",11.4648474554,52.0644621522
"AD1_2008__Billeter 10 1",11.6814424734,51.6027083091
"AD1_2008__Billeter 10 2",11.6823861916,51.6155282599
"AD1_2008__Billeter 10 3",11.6861450869,51.627876138
"AD1_2008__Billeter 10 4",11.689146946,51.6183696002
"AD1_2008__Billeter 10 5",11.693837395,51.6058226014
"AD1_2008__Billeter 10 6",11.6960334079,51.6313758345
"AD1_2008__Billeter 10 7",11.702341504,51.6119615258
"AD1_2008__Billeter 10 8",11.7030866912,51.6194111639
"AD1_2008__Billeter 10 9",11.7159080871,51.6124771285
"AD1_2008__Billeter 10 10",11.7201382084,51.6045833544
"AD1_2008__Billeter 10 11",11.7227858493,51.6209871803
"AD1_2008__Billeter 10 12",11.7231824564,51.6270100571
"AD1_2008__Billeter 10 13",11.7266464114,51.6116317815
"AD1_2008__Billeter 10 14",11.7330527127,51.6321315882
"AD1_2008__Billeter 10 15",11.738295267,51.6260116107
"AD1_2008__Billeter 10 16",11.7453790854,51.6054071585
"AD1_2008__Billeter 10 17",11.4082611917,51.6381071909
"AD1_2008__Billeter 10 18",11.4134247949,51.6202096844
"AD1_2008__Billeter 10 19",11.4151769959,51.6269078236
"AD1_2008__Billeter 10 20",11.4164084032,51.6440262373
"AD1_2008__Billeter 10 21",11.4241533917,51.6461938998
"AD1_2008__Billeter 10 22",11.4268692123,51.6207005719
"AD1_2008__Billeter 10 23",11.4278466831,51.626280687
"AD1_2008__Billeter 10 24",11.4323192756,51.630890455
"AD1_2008__Billeter 10 25",11.4373013865,51.6444355423
"AD1_2008__Billeter 10 26",11.4404233714,51.6252098169
"AD1_2008__Billeter 10 27",11.4406683004,51.6177779801
"AD1_2008__Billeter 10 28",11.4452203226,51.633487269
"AD1_2008__Billeter 10 29",11.4579880779,51.6220324092
"AD1_2008__Billeter 10 30",11.4588699695,51.6337558564
"AD1_2008__Billeter 10 31",11.4609080557,51.6412450156
"AD1_2008__Billeter 10 32",11.4650204953,51.623197865
"AD1_2008__Billeter 10 33",11.7026022548,51.3684423136
"AD1_2008__Billeter 10 34",11.7031904522,51.3924154581
"AD1_2008__Billeter 10 35",11.7050297693,51.3632528782
"AD1_2008__Billeter 10 36",11.7066579531,51.3798193592
"AD1_2008__Billeter 10 37",11.7143967701,51.3899800102
"AD1_2008__Billeter 10 38",11.719302956,51.3666097451
"AD1_2008__Billeter 10 39",11.7206399003,51.3824882431
"AD1_2008__Billeter 10 40",11.7234985878,51.3720614805
"AD1_2008__Billeter 10 41",11.7308500742,51.3796287765
"AD1_2008__Billeter 10 42",11.7308649144,51.3878362185
"AD1_2008__Billeter 10 43",11.7309983559,51.3682893868
"AD1_2008__Billeter 10 44",11.7384928941,51.3758708447
"AD1_2008__Billeter 10 45",11.7452169362,51.363697054
"AD1_2008__Billeter 10 46",11.7474781302,51.3903402515
"AD1_2008__Billeter 10 47",11.7495550374,51.3802022761
"AD1_2008__Billeter 10 48",11.7530319402,51.3753256745
"AD1_2008__Billeter 10 49",11.4100103373,52.09523065
"AD1_2008__Billeter 10 50",11.4148618009,52.0759608343
"AD1_2008__Billeter 10 51",11.4160697508,52.0679413056
"AD1_2008__Billeter 10 52",11.4176719196,52.0850609702
"AD1_2008__Billeter 10 53",11.4194362016,52.0890775466
"AD1_2008__Billeter 10 54",11.4272135951,52.0675072772
"AD1_2008__Billeter 10 55",11.4311782521,52.0785726721
"AD1_2008__Billeter 10 56",11.4322526148,52.0953298329
"AD1_2008__Billeter 10 57",11.4380586724,52.0976879007
"AD1_2008__Billeter 10 58",11.4424030015,52.0832180462
"AD1_2008__Billeter 10 59",11.4432409114,52.0678779151
"AD1_2008__Billeter 10 60",11.4481426987,52.0724748386
"AD1_2008__Billeter 10 61",11.4530237942,52.076959861
"AD1_2008__Billeter 10 62",11.4562246892,52.097828984
"AD1_2008__Billeter 10 63",11.4569424601,52.0817309021
"AD1_2008__Billeter 10 64",11.4648474554,52.0644621522
"AD1_2008__Billeter 11 1",6.31307044689,52.5748434219
"AD1_2008__Billeter 11 2",6.31477674227,52.5812652554
"AD1_2008__Billeter 11 3",6.31650761613,52.5590971374
"AD1_2008__Billeter 11 4",6.32345257233,52.5659990278
"AD1_2008__Billeter 11 5",6.32548188758,52.5591298942
"AD1_2008__Billeter 11 6",6.33577988277,52.5737339291
"AD1_2008__Billeter 11 7",6.33843350202,52.5839047128
"AD1_2008__Billeter 11 8",6.33825294633,52.5669958494
"AD1_2008__Billeter 11 9",6.34011616759,52.5644868218
"AD1_2008__Billeter 11 10",6.34314985737,52.5584945912
"AD1_2008__Billeter 11 11",6.35293023899,52.5795095622
"AD1_2008__Billeter 11 12",6.35301086378,52.5727546572
"AD1_2008__Billeter 11 13",6.35941586615,52.579901525
"AD1_2008__Billeter 11 14",6.35910833419,52.5606074304
"AD1_2008__Billeter 11 15",6.3599355648,52.5549878129
"AD1_2008__Billeter 11 16",6.36231910641,52.5704181602
"AD1_2008__Billeter 11 17",6.64203528218,52.2380602303
"AD1_2008__Billeter 11 18",6.64893879505,52.2148227128
"AD1_2008__Billeter 11 19",6.65108906587,52.2202064407
"AD1_2008__Billeter 11 20",6.65147277529,52.2277933206
"AD1_2008__Billeter 11 21",6.65623511056,52.219238876
"AD1_2008__Billeter 11 22",6.65983163034,52.2337035007
"AD1_2008__Billeter 11 23",6.6611539783,52.231567899
"AD1_2008__Billeter 11 24",6.66160575843,52.2130866372
"AD1_2008__Billeter 11 25",6.67017213251,52.2122792317
"AD1_2008__Billeter 11 26",6.67555775274,52.2411374436
"AD1_2008__Billeter 11 27",6.67606032367,52.2225926377
"AD1_2008__Billeter 11 28",6.68134628469,52.2307280829
"AD1_2008__Billeter 11 29",6.68452478595,52.2172279975
"AD1_2008__Billeter 11 30",6.68626408843,52.2337077906
"AD1_2008__Billeter 11 31",6.68745802544,52.2294744168
"AD1_2008__Billeter 11 32",6.68959279455,52.2146283589
"AD1_2008__Billeter 11 33",5.47013202167,52.1079794668
"AD1_2008__Billeter 11 34",5.47234056675,52.1179230656
"AD1_2008__Billeter 11 35",5.47407475363,52.1050105919
"AD1_2008__Billeter 11 36",5.47555282307,52.0922195955
"AD1_2008__Billeter 11 37",5.48438563241,52.1010702881
"AD1_2008__Billeter 11 38",5.48860681864,52.1153575944
"AD1_2008__Billeter 11 39",5.49142701335,52.0883013194
"AD1_2008__Billeter 11 40",5.49447712158,52.1128627257
"AD1_2008__Billeter 11 41",5.49857973457,52.0896204954
"AD1_2008__Billeter 11 42",5.49929977856,52.1236033308
"AD1_2008__Billeter 11 43",5.50529911118,52.1007186036
"AD1_2008__Billeter 11 44",5.51025365996,52.1058816152
"AD1_2008__Billeter 11 45",5.51231451108,52.0912425094
"AD1_2008__Billeter 11 46",5.51519237184,52.1025777614
"AD1_2008__Billeter 11 47",5.52025341135,52.1111826288
"AD1_2008__Billeter 11 48",5.52477134634,52.1182239996
"AD1_2008__Billeter 11 49",6.79573256391,52.3832178037
"AD1_2008__Billeter 11 50",6.79766474525,52.3527679497
"AD1_2008__Billeter 11 51",6.79839145375,52.361536796
"AD1_2008__Billeter 11 52",6.79918374017,52.3714329276
"AD1_2008__Billeter 11 53",6.80875093574,52.360424019
"AD1_2008__Billeter 11 54",6.81177352936,52.3733898965
"AD1_2008__Billeter 11 55",6.81475089212,52.3780551301
"AD1_2008__Billeter 11 56",6.81514846375,52.352324495
"AD1_2008__Billeter 11 57",6.82174932297,52.3830356645
"AD1_2008__Billeter 11 58",6.82229270488,52.3687414497
"AD1_2008__Billeter 11 59",6.82762913162,52.3607844567
"AD1_2008__Billeter 11 60",6.83078194051,52.3529976814
"AD1_2008__Billeter 11 61",6.83553196928,52.3564048116
"AD1_2008__Billeter 11 62",6.83851558613,52.3648087418
"AD1_2008__Billeter 11 63",6.84155511959,52.3744343811
"AD1_2008__Billeter 11 64",6.84858690534,52.3772331599
"AD1_2008__Billeter 12 1",6.31307044689,52.5748434219
"AD1_2008__Billeter 12 2",6.31477674227,52.5812652554
"AD1_2008__Billeter 12 3",6.31650761613,52.5590971374
"AD1_2008__Billeter 12 4",6.32345257233,52.5659990278
"AD1_2008__Billeter 12 5",6.32548188758,52.5591298942
"AD1_2008__Billeter 12 6",6.33577988277,52.5737339291
"AD1_2008__Billeter 12 7",6.33843350202,52.5839047128
"AD1_2008__Billeter 12 8",6.33825294633,52.5669958494
"AD1_2008__Billeter 12 9",6.34011616759,52.5644868218
"AD1_2008__Billeter 12 10",6.34314985737,52.5584945912
"AD1_2008__Billeter 12 11",6.35293023899,52.5795095622
"AD1_2008__Billeter 12 12",6.35301086378,52.5727546572
"AD1_2008__Billeter 12 13",6.35941586615,52.579901525
"AD1_2008__Billeter 12 14",6.35910833419,52.5606074304
"AD1_2008__Billeter 12 15",6.3599355648,52.5549878129
"AD1_2008__Billeter 12 16",6.36231910641,52.5704181602
"AD1_2008__Billeter 12 17",6.64203528218,52.2380602303
"AD1_2008__Billeter 12 18",6.64893879505,52.2148227128
"AD1_2008__Billeter 12 19",6.65108906587,52.2202064407
"AD1_2008__Billeter 12 20",6.65147277529,52.2277933206
"AD1_2008__Billeter 12 21",6.65623511056,52.219238876
"AD1_2008__Billeter 12 22",6.65983163034,52.2337035007
"AD1_2008__Billeter 12 23",6.6611539783,52.231567899
"AD1_2008__Billeter 12 24",6.66160575843,52.2130866372
"AD1_2008__Billeter 12 25",6.67017213251,52.2122792317
"AD1_2008__Billeter 12 26",6.67555775274,52.2411374436
"AD1_2008__Billeter 12 27",6.67606032367,52.2225926377
"AD1_2008__Billeter 12 28",6.68134628469,52.2307280829
"AD1_2008__Billeter 12 29",6.68452478595,52.2172279975
"AD1_2008__Billeter 12 30",6.68626408843,52.2337077906
"AD1_2008__Billeter 12 31",6.68745802544,52.2294744168
"AD1_2008__Billeter 12 32",6.68959279455,52.2146283589
"AD1_2008__Billeter 12 33",5.47013202167,52.1079794668
"AD1_2008__Billeter 12 34",5.47234056675,52.1179230656
"AD1_2008__Billeter 12 35",5.47407475363,52.1050105919
"AD1_2008__Billeter 12 36",5.47555282307,52.0922195955
"AD1_2008__Billeter 12 37",5.48438563241,52.1010702881
"AD1_2008__Billeter 12 38",5.48860681864,52.1153575944
"AD1_2008__Billeter 12 39",5.49142701335,52.0883013194
"AD1_2008__Billeter 12 40",5.49447712158,52.1128627257
"AD1_2008__Billeter 12 41",5.49857973457,52.0896204954
"AD1_2008__Billeter 12 42",5.49929977856,52.1236033308
"AD1_2008__Billeter 12 43",5.50529911118,52.1007186036
"AD1_2008__Billeter 12 44",5.51025365996,52.1058816152
"AD1_2008__Billeter 12 45",5.51231451108,52.0912425094
"AD1_2008__Billeter 12 46",5.51519237184,52.1025777614
"AD1_2008__Billeter 12 47",5.52025341135,52.1111826288
"AD1_2008__Billeter 12 48",5.52477134634,52.1182239996
"AD1_2008__Billeter 12 49",6.79573256391,52.3832178037
"AD1_2008__Billeter 12 50",6.79766474525,52.3527679497
"AD1_2008__Billeter 12 51",6.79839145375,52.361536796
"AD1_2008__Billeter 12 52",6.79918374017,52.3714329276
"AD1_2008__Billeter 12 53",6.80875093574,52.360424019
"AD1_2008__Billeter 12 54",6.81177352936,52.3733898965
"AD1_2008__Billeter 12 55",6.81475089212,52.3780551301
"AD1_2008__Billeter 12 56",6.81514846375,52.352324495
"AD1_2008__Billeter 12 57",6.82174932297,52.3830356645
"AD1_2008__Billeter 12 58",6.82229270488,52.3687414497
"AD1_2008__Billeter 12 59",6.82762913162,52.3607844567
"AD1_2008__Billeter 12 60",6.83078194051,52.3529976814
"AD1_2008__Billeter 12 61",6.83553196928,52.3564048116
"AD1_2008__Billeter 12 62",6.83851558613,52.3648087418
"AD1_2008__Billeter 12 63",6.84155511959,52.3744343811
"AD1_2008__Billeter 12 64",6.84858690534,52.3772331599
"AD1_2008__Billeter 13 1",8.44411886075,47.6738159167
"AD1_2008__Billeter 13 2",8.44599181631,47.664221392
"AD1_2008__Billeter 13 3",8.45429886493,47.677366342
"AD1_2008__Billeter 13 4",8.45855000291,47.6685584601
"AD1_2008__Billeter 13 5",8.46033527982,47.6896699262
"AD1_2008__Billeter 13 6",8.46116108886,47.6593812349
"AD1_2008__Billeter 13 7",8.46779702594,47.6928342768
"AD1_2008__Billeter 13 8",8.4801308004,47.6946032145
"AD1_2008__Billeter 13 9",8.4913465995,47.6997686074
"AD1_2008__Billeter 13 10",8.49666205941,47.6943436489
"AD1_2008__Billeter 13 11",8.51234246168,47.6956208469
"AD1_2008__Billeter 13 12",8.51370988614,47.6991919089
"AD1_2008__Billeter 13 13",8.52738811757,47.6959880791
"AD1_2008__Billeter 13 14",8.52772095475,47.6985033202
"AD1_2008__Billeter 13 15",8.53930030548,47.6951562902
"AD1_2008__Billeter 13 16",8.54813290341,47.6914696412
"AD1_2008__Billeter 13 17",8.7686410538,47.609845993
"AD1_2008__Billeter 13 18",8.77430596393,47.6113729783
"AD1_2008__Billeter 13 19",8.78036609886,47.6148380129
"AD1_2008__Billeter 13 20",8.78460072427,47.6055781628
"AD1_2008__Billeter 13 21",8.79247508313,47.604038308
"AD1_2008__Billeter 13 22",8.79706776896,47.6047221793
"AD1_2008__Billeter 13 23",8.80133584062,47.5979438632
"AD1_2008__Billeter 13 24",8.80179587302,47.6034253872
"AD1_2008__Billeter 13 25",8.82077719583,47.5989280518
"AD1_2008__Billeter 13 26",8.82807826982,47.5908082112
"AD1_2008__Billeter 13 27",8.83122303532,47.6011957323
"AD1_2008__Billeter 13 28",8.83859833401,47.5893863478
"AD1_2008__Billeter 13 29",8.85068106192,47.597740155
"AD1_2008__Billeter 13 30",8.8554070644,47.5874730533
"AD1_2008__Billeter 13 31",8.85980819532,47.5993916698
"AD1_2008__Billeter 13 32",8.86090407106,47.5896725074
"AD1_2008__Billeter 13 33",8.36170304684,47.3011659837
"AD1_2008__Billeter 13 34",8.37138592974,47.2934934607
"AD1_2008__Billeter 13 35",8.37232178125,47.3104075372
"AD1_2008__Billeter 13 36",8.37402609224,47.2838292453
"AD1_2008__Billeter 13 37",8.37529159714,47.3222713853
"AD1_2008__Billeter 13 38",8.37810963225,47.2774553206
"AD1_2008__Billeter 13 39",8.37869248052,47.2502075828
"AD1_2008__Billeter 13 40",8.38264328752,47.2628091226
"AD1_2008__Billeter 13 41",8.38909010395,47.256263342
"AD1_2008__Billeter 13 42",8.38897436788,47.2366185688
"AD1_2008__Billeter 13 43",8.39016042595,47.2716939644
"AD1_2008__Billeter 13 44",8.39067566718,47.2790945814
"AD1_2008__Billeter 13 45",8.39255879916,47.2476360773
"AD1_2008__Billeter 13 46",8.39317249812,47.2620918093
"AD1_2008__Billeter 13 47",8.40752201415,47.2273229392
"AD1_2008__Billeter 13 48",8.41149908278,47.2117849485
"AD1_2008__Billeter 13 49",8.37114012913,47.2755627502
"AD1_2008__Billeter 13 50",8.38846088848,47.27559935
"AD1_2008__Billeter 13 51",8.37392241147,47.2654926938
"AD1_2008__Billeter 13 52",8.37813396774,47.2716537301
"AD1_2008__Billeter 13 53",8.38028748493,47.2736118833
"AD1_2008__Billeter 13 54",8.38291865793,47.2722748372
"AD1_2008__Billeter 13 55",8.38745017937,47.2734437722
"AD1_2008__Billeter 13 56",8.3788934183,47.2690685382
"AD1_2008__Billeter 13 57",8.38525988086,47.2706318648
"AD1_2008__Billeter 13 58",8.38907542598,47.2732178068
"AD1_2008__Billeter 13 59",8.39302273012,47.2718250138
"AD1_2008__Billeter 13 60",8.37941046616,47.2665937742
"AD1_2008__Billeter 13 61",8.38379371955,47.2677693971
"AD1_2008__Billeter 13 62",8.38571072949,47.2691829668
"AD1_2008__Billeter 13 63",8.38918109046,47.2691788335
"AD1_2008__Billeter 13 64",8.37787917842,47.2653069519
"AD1_2008__Billeter 13 65",8.3900153471,47.2661054668
"AD1_2008__Billeter 13 66",8.39403064491,47.2696424484
"AD1_2008__Billeter 13 67",8.38223100785,47.2788851734
"AD1_2008__Billeter 13 68",8.3716782779,47.271778671
"AD1_2008__Billeter 13 69",8.37529721489,47.2738582715
"AD1_2008__Billeter 13 70",8.37807485975,47.2747182353
"AD1_2008__Billeter 13 71",8.38092513889,47.2762580586
"AD1_2008__Billeter 13 72",8.38570118056,47.275835928
"AD1_2008__Billeter 13 73",8.37851388207,47.2775943241
"AD1_2008__Billeter 13 74",8.38268092352,47.2736822546
"AD1_2008__Billeter 13 75",8.3839920514,47.2733900882
"AD1_2008__Billeter 13 76",8.38369850189,47.2741673452
"AD1_2008__Billeter 13 77",8.37998819975,47.269766895
"AD1_2008__Billeter 13 78",8.38250866459,47.2701949674
"AD1_2008__Billeter 13 79",8.38362631178,47.2703858546
"AD1_2008__Billeter 13 80",8.389075801,47.2792700007
"AD1_2008__Billeter 14 1",8.44411886075,47.6738159167
"AD1_2008__Billeter 14 2",8.44599181631,47.664221392
"AD1_2008__Billeter 14 3",8.45429886493,47.677366342
"AD1_2008__Billeter 14 4",8.45855000291,47.6685584601
"AD1_2008__Billeter 14 5",8.46033527982,47.6896699262
"AD1_2008__Billeter 14 6",8.46116108886,47.6593812349
"AD1_2008__Billeter 14 7",8.46779702594,47.6928342768
"AD1_2008__Billeter 14 8",8.4801308004,47.6946032145
"AD1_2008__Billeter 14 9",8.4913465995,47.6997686074
"AD1_2008__Billeter 14 10",8.49666205941,47.6943436489
"AD1_2008__Billeter 14 11",8.51234246168,47.6956208469
"AD1_2008__Billeter 14 12",8.51370988614,47.6991919089
"AD1_2008__Billeter 14 13",8.52738811757,47.6959880791
"AD1_2008__Billeter 14 14",8.52772095475,47.6985033202
"AD1_2008__Billeter 14 15",8.53930030548,47.6951562902
"AD1_2008__Billeter 14 16",8.54813290341,47.6914696412
"AD1_2008__Billeter 14 17",8.7686410538,47.609845993
"AD1_2008__Billeter 14 18",8.77430596393,47.6113729783
"AD1_2008__Billeter 14 19",8.78036609886,47.6148380129
"AD1_2008__Billeter 14 20",8.78460072427,47.6055781628
"AD1_2008__Billeter 14 21",8.79247508313,47.604038308
"AD1_2008__Billeter 14 22",8.79706776896,47.6047221793
"AD1_2008__Billeter 14 23",8.80133584062,47.5979438632
"AD1_2008__Billeter 14 24",8.80179587302,47.6034253872
"AD1_2008__Billeter 14 25",8.82077719583,47.5989280518
"AD1_2008__Billeter 14 26",8.82807826982,47.5908082112
"AD1_2008__Billeter 14 27",8.83122303532,47.6011957323
"AD1_2008__Billeter 14 28",8.83859833401,47.5893863478
"AD1_2008__Billeter 14 29",8.85068106192,47.597740155
"AD1_2008__Billeter 14 30",8.8554070644,47.5874730533
"AD1_2008__Billeter 14 31",8.85980819532,47.5993916698
"AD1_2008__Billeter 14 32",8.86090407106,47.5896725074
"AD1_2008__Billeter 14 33",8.36170304684,47.3011659837
"AD1_2008__Billeter 14 34",8.37138592974,47.2934934607
"AD1_2008__Billeter 14 35",8.37232178125,47.3104075372
"AD1_2008__Billeter 14 36",8.37402609224,47.2838292453
"AD1_2008__Billeter 14 37",8.37529159714,47.3222713853
"AD1_2008__Billeter 14 38",8.37810963225,47.2774553206
"AD1_2008__Billeter 14 39",8.37869248052,47.2502075828
"AD1_2008__Billeter 14 40",8.38264328752,47.2628091226
"AD1_2008__Billeter 14 41",8.38909010395,47.256263342
"AD1_2008__Billeter 14 42",8.38897436788,47.2366185688
"AD1_2008__Billeter 14 43",8.39016042595,47.2716939644
"AD1_2008__Billeter 14 44",8.39067566718,47.2790945814
"AD1_2008__Billeter 14 45",8.39255879916,47.2476360773
"AD1_2008__Billeter 14 46",8.39317249812,47.2620918093
"AD1_2008__Billeter 14 47",8.40752201415,47.2273229392
"AD1_2008__Billeter 14 48",8.41149908278,47.2117849485
"AD1_2008__Billeter 14 49",8.51158526451,47.7047134793
"AD1_2008__Billeter 14 50",8.52048474656,47.6978416908
"AD1_2008__Billeter 14 51",8.52365087245,47.6972227756
"AD1_2008__Billeter 14 52",8.52502262285,47.6976801091
"AD1_2008__Billeter 14 53",8.52273162847,47.6967854089
"AD1_2008__Billeter 14 54",8.52205420479,47.6965935986
"AD1_2008__Billeter 14 55",8.52145760735,47.696482622
"AD1_2008__Billeter 14 56",8.51773584832,47.6969510594
"AD1_2008__Billeter 14 57",8.51862027787,47.6952811365
"AD1_2008__Billeter 14 58",8.51943585272,47.6956886542
"AD1_2008__Billeter 14 59",8.52116029674,47.6960828427
"AD1_2008__Billeter 14 60",8.51606947817,47.7007470773
"AD1_2008__Billeter 14 61",8.52289301289,47.6957169519
"AD1_2008__Billeter 14 62",8.52613013756,47.6944465724
"AD1_2008__Billeter 14 63",8.5227259755,47.6945348065
"AD1_2008__Billeter 14 64",8.52190913415,47.694225518
"AD1_2008__Billeter 14 65",8.52001544155,47.6944496904
"AD1_2008__Billeter 14 66",8.51760835299,47.6949985139
"AD1_2008__Billeter 14 67",8.51557110704,47.6946452505
"AD1_2008__Billeter 14 68",8.51140380663,47.6944627711
"AD1_2008__Billeter 14 69",8.51591714636,47.6936143613
"AD1_2008__Billeter 14 70",8.518970072,47.6920688362
"AD1_2008__Billeter 14 71",8.51778464869,47.7046957673
"AD1_2008__Billeter 14 72",8.52138570166,47.6928088137
"AD1_2008__Billeter 14 73",8.5271169152,47.6929691137
"AD1_2008__Billeter 14 74",8.52954799201,47.6956745838
"AD1_2008__Billeter 14 75",8.5115798436,47.6892435566
"AD1_2008__Billeter 14 76",8.51719148679,47.6905908791
"AD1_2008__Billeter 14 77",8.52259718904,47.6904567266
"AD1_2008__Billeter 14 78",8.5300199746,47.6905605882
"AD1_2008__Billeter 14 79",8.52784758497,47.6986308986
"AD1_2008__Billeter 14 80",8.51617492351,47.69695921
"AD1_2008__Billeter 14 81",8.5209405553,47.6975234783
"AD1_2008__Billeter 14 82",8.52305682034,47.7028217242
"AD1_2008__Billeter 14 83",8.52502846507,47.6988417575
"AD1_2008__Billeter 14 84",8.53192747315,47.7045869026
"AD1_2008__Billeter 14 85",8.51175220865,47.6989020812
"AD1_2008__Billeter 14 86",8.51875196295,47.7005799291
"AD1_2008__Billeter 14 87",8.52278277727,47.7002759946
"AD1_2008__Billeter 14 88",8.51768016539,47.6986377475
"AD1_2008__Billeter 14 89",8.37114012913,47.2755627502
"AD1_2008__Billeter 14 90",8.38846088848,47.27559935
"AD1_2008__Billeter 14 91",8.37813396774,47.2716537301
"AD1_2008__Billeter 14 92",8.38028748493,47.2736118833
"AD1_2008__Billeter 14 93",8.38291865793,47.2722748372
"AD1_2008__Billeter 14 94",8.38745017937,47.2734437722
"AD1_2008__Billeter 14 95",8.3788934183,47.2690685382
"AD1_2008__Billeter 14 96",8.38525988086,47.2706318648
"AD1_2008__Billeter 14 97",8.38907542598,47.2732178068
"AD1_2008__Billeter 14 98",8.37851388207,47.2775943241
"AD1_2008__Billeter 14 99",8.39302273012,47.2718250138
"AD1_2008__Billeter 14 100",8.37941046616,47.2665937742
"AD1_2008__Billeter 14 101",8.38379371955,47.2677693971
"AD1_2008__Billeter 14 102",8.38571072949,47.2691829668
"AD1_2008__Billeter 14 103",8.38918109046,47.2691788335
"AD1_2008__Billeter 14 104",8.37787917842,47.2653069519
"AD1_2008__Billeter 14 105",8.3900153471,47.2661054668
"AD1_2008__Billeter 14 106",8.39403064491,47.2696424484
"AD1_2008__Billeter 14 107",8.38268092352,47.2736822546
"AD1_2008__Billeter 14 108",8.38223100785,47.2788851734
"AD1_2008__Billeter 14 109",8.3839920514,47.2733900882
"AD1_2008__Billeter 14 110",8.38369850189,47.2741673452
"AD1_2008__Billeter 14 111",8.37998819975,47.269766895
"AD1_2008__Billeter 14 112",8.38250866459,47.2701949674
"AD1_2008__Billeter 14 113",8.38362631178,47.2703858546
"AD1_2008__Billeter 14 114",8.389075801,47.2792700007
"AD1_2008__Billeter 14 115",8.3716782779,47.271778671
"AD1_2008__Billeter 14 116",8.37529721489,47.2738582715
"AD1_2008__Billeter 14 117",8.37807485975,47.2747182353
"AD1_2008__Billeter 14 118",8.38092513889,47.2762580586
"AD1_2008__Billeter 14 119",8.38570118056,47.275835928
"AD1_2008__Billeter 14 120",8.50885203486,47.6878388667
"AD1_2008__Billeter 14 121",8.37392241147,47.2654926938
"AD1_2008__Kohler 1 1",5.166121,51.490413
"AD1_2008__Kohler 1 2",5.975482,51.556515
"AD1_2008__Kohler 1 3",6.002059,51.99091
"AD1_2008__Kohler 1 4",5.213755,51.555481
"AD1_2008__Kohler 2 1",5.63077,52.15116
"AD1_2008__Kohler 2 2",5.572557,52.10004
"AD1_2008__Kohler 2 3",5.50733,52.067119
"AD1_2008__Kohler 2 4",5.528734,52.15612
"AD1_2008__Kohler 2 5",5.572835,52.179037
"AD1_2008__Kohler 3 1",5.63077,52.15116
"AD1_2008__Kohler 3 2",5.572557,52.10004
"AD1_2008__Kohler 3 3",5.50733,52.067119
"AD1_2008__Kohler 3 4",5.528734,52.15612
"AD1_2008__Kohler 3 5",5.572835,52.179037
"AD1_2008__Kohler 4 1",5.63077,52.15116
"AD1_2008__Kohler 4 2",5.572557,52.10004
"AD1_2008__Kohler 4 3",5.50733,52.067119
"AD1_2008__Kohler 4 4",5.528734,52.15612
"AD1_2008__Kohler 4 5",5.572835,52.179037
"AD1_2009__Julier 1 1",-77.391225,39.528448
"AD1_2009__Julier 1 2",-77.05312,37.447433
"AD1_2009__Julier 1 3",-78.902918,37.740839
"AD1_2009__Julier 1 4",-78.852538,38.265935
"AD1_2009__Julier 1 5",-77.4,37.5
"AD1_2009__Julier 1 6",-78.20051,39.13113
"AD1_2009__Julier 1 7",-78.281726,39.133192
"AD1_2009__Julier 1 8",-78.881894,38.315656
"AD1_2009__Julier 1 9",-78.266403,39.147459
"AD1_2009__Julier 1 10",-77.435604,39.326011
"AD1_2009__Julier 1 11",-79.123483,37.848017
"AD1_2009__Julier 1 12",-77.490506,39.313984
"AD1_2009__Julier 1 13",-77.434292,37.566899
"AD1_2009__Julier 1 14",-78.279007,39.026669
"AD1_2009__Julier 1 15",-77.452743,39.683188
"AD1_2009__Julier 1 16",-78.165901,39.075427
"AD1_2009__Julier 1 17",-77.96237,38.98872
"AD1_2009__Julier 1 18",-77.011006,37.524506
"AD1_2009__Julier 1 19",-77.470087,39.413655
"AD1_2009__Julier 1 20",-77.46428,39.2787
"AD1_2010__Goulson 1 1",-0.514897,51.821286
"AD1_2010__Goulson 1 2",-0.516356,51.795669
"AD1_2010__Goulson 1 3",-0.507356,51.783803
"AD1_2010__Goulson 1 4",-0.490578,51.828236
"AD1_2010__Goulson 1 5",-0.435272,51.837692
"AD1_2010__Goulson 1 6",-0.249258,51.822164
"AD1_2010__Goulson 1 7",-0.269903,51.828275
"AD1_2010__Goulson 1 8",-0.478114,51.842986
"AD1_2010__Goulson 1 9",-0.453153,51.817583
"AD1_2010__Goulson 1 10",-0.466203,51.795386
"AD1_2010__Goulson 1 11",-0.420967,51.791119
"AD1_2010__Goulson 1 12",-0.411533,51.826356
"AD1_2010__Goulson 1 13",-0.334831,51.7925
"AD1_2010__Goulson 1 14",-0.323744,51.843006
"AD1_2010__Redpath 1 1",-6.405979,58.443423
"AD1_2010__Redpath 1 2",-6.322777,58.464246
"AD1_2010__Redpath 1 3",-6.305686,58.464822
"AD1_2010__Redpath 1 4",-6.240556,58.493972
"AD1_2010__Redpath 1 5",-4.752148,58.561513
"AD1_2010__Redpath 1 6",-7.539291,57.602175
"AD1_2010__Redpath 1 7",-7.526433,57.598886
"AD1_2010__Redpath 1 8",-7.42185,57.234445
"AD1_2010__Redpath 1 9",-7.0753,57.801661
"AD1_2010__Redpath 1 10",-7.006113,57.836551
"AD1_2010__Redpath 1 11",-6.945148,57.88393
"AD1_2011__Bates 1 1",-1.877701,52.506566
"AD1_2011__Bates 1 2",-1.82342,52.447157
"AD1_2011__Bates 1 3",-1.857136,52.486763
"AD1_2011__Bates 1 4",-1.833541,52.494824
"AD1_2011__Bates 1 5",-1.90427,52.485012
"AD1_2011__Bates 1 6",-1.946957,52.504819
"AD1_2011__Bates 1 7",-1.817497,52.456139
"AD1_2011__Bates 1 8",-1.914576,52.486818
"AD1_2011__Bates 1 9",-1.914576,52.486818
"AD1_2011__Bates 1 10",-1.822857,52.587415
"AD1_2011__Bates 1 11",-1.957321,52.452675
"AD1_2011__Bates 1 12",-1.92943,52.408606
"AD1_2011__Bates 1 13",-1.873477,52.43823
"AD1_2011__Bates 1 14",-1.885225,52.446334
"AD1_2011__Bates 1 15",-1.839659,52.432794
"AD1_2011__Bates 1 16",-1.897072,52.413977
"AD1_2011__Bates 1 17",-1.740424,52.547703
"AD1_2011__Bates 1 18",-1.741699,52.581871
"AD1_2011__Bates 1 19",-1.70072,52.530526
"AD1_2011__Bates 1 20",-1.695735,52.398345
"AD1_2011__Bates 1 21",-1.697322,52.381266
"AD1_2011__Bates 1 22",-1.696081,52.347995
"AD1_2011__Bates 1 24",-1.820787,52.370728
"AD1_2011b_Hanley 1 1",-1.335766,51.237783
"AD1_2011b_Hanley 1 2",-1.351968,51.231701
"AD1_2011b_Hanley 1 3",-1.344562,51.228714
"AD1_2011b_Hanley 1 4",-1.336128,51.234639
"AD1_2011b_Hanley 1 5",-1.32447,51.219032
"AD1_2011b_Hanley 1 6",-1.335749,51.228461
"AD1_2011b_Hanley 1 7",-1.328979,51.230916
"AD1_2011b_Hanley 1 8",-1.314698,51.245407
"AD1_2011__Blake 1 1",-0.924444444444444,51.3908333333333
"AD1_2011__Blake 1 2",-0.924444444444444,51.3908333333333
"AD1_2011__Blake 1 3",-1.28916666666667,51.3594444444444
"AD1_2011__Blake 1 4",-1.28916666666667,51.3594444444444
"AD1_2011__Blake 2 1",-0.924444444444444,51.3908333333333
"AD1_2011__Blake 2 2",-1.28916666666667,51.3594444444444
"AD1_2011__Cameron 1 1",-103.5605,43.7072
"AD1_2011__Cameron 1 2",-97.36465,35.18917
"AD1_2011__Cameron 1 3",-93.08075,39.7526
"AD1_2011__Cameron 1 4",-92.16366,40.50023
"AD1_2011__Cameron 1 5",-89.3416,39.51112
"AD1_2011__Cameron 1 6",-89.32839,39.52481
"AD1_2011__Cameron 1 7",-88.2025,40.083333
"AD1_2011__Cameron 1 8",-92.6489,43.06555
"AD1_2011__Cameron 1 9",-92.64732,41.32979
"AD1_2011__Cameron 1 10",-91.402,42.66992
"AD1_2011__Cameron 1 11",-83.78448,37.2303
"AD1_2011__Cameron 1 12",-103.6221,44.38871
"AD1_2011__Cameron 1 13",-103.58942,43.66438
"AD1_2011__Cameron 1 14",-101.42668,47.59407
"AD1_2011__Cameron 1 15",-100.8227,47.49606
"AD1_2011__Cameron 1 16",-100.06829,46.01404
"AD1_2011__Cameron 1 17",-99.16946,38.46469
"AD1_2011__Cameron 1 18",-98.51345,34.7842
"AD1_2011__Cameron 1 19",-97.870514,30.18556
"AD1_2011__Cameron 1 20",-97.45812,38.47591
"AD1_2011__Cameron 1 21",-97.45035,30.35093
"AD1_2011__Cameron 1 22",-96.53535,33.9987
"AD1_2011__Cameron 1 23",-95.50159,39.14434
"AD1_2011__Cameron 1 24",-95.104178,29.094994
"AD1_2011__Cameron 1 25",-94.2115,44.27375
"AD1_2011__Cameron 1 26",-94.15895,35.8207
"AD1_2011__Cameron 1 27",-93.68428,36.96193
"AD1_2011__Cameron 1 28",-93.67943,32.52578
"AD1_2011__Cameron 1 29",-93.56777,37.05655
"AD1_2011__Cameron 1 30",-91.98984,38.94897
"AD1_2011__Cameron 1 31",-91.461389,47.94125
"AD1_2011__Cameron 1 32",-91.4277,43.97524
"AD1_2011__Cameron 1 33",-90.74896,43.94267
"AD1_2011__Cameron 1 34",-90.08789,40.25329
"AD1_2011__Cameron 1 35",-89.85842,40.39017
"AD1_2011__Cameron 1 36",-89.85842,40.39017
"AD1_2011__Cameron 1 37",-89.85842,40.39017
"AD1_2011__Cameron 1 38",-89.81106,43.64215
"AD1_2011__Cameron 1 39",-89.80605,43.62648
"AD1_2011__Cameron 1 40",-89.43149,43.04103
"AD1_2011__Cameron 1 41",-89.41856,37.77345
"AD1_2011__Cameron 1 42",-89.357038,41.97828
"AD1_2011__Cameron 1 43",-89.13692,30.42013
"AD1_2011__Cameron 1 44",-88.66714,39.99363
"AD1_2011__Cameron 1 45",-88.66714,39.99363
"AD1_2011__Cameron 1 46",-88.64484,40.00772
"AD1_2011__Cameron 1 47",-88.64484,40.00772
"AD1_2011__Cameron 1 48",-88.59228,37.37934
"AD1_2011__Cameron 1 49",-87.00591,33.04519
"AD1_2011__Cameron 1 50",-84.11588,40.09789
"AD1_2011__Cameron 1 51",-79.928056,36.69
"AD1_2011__Cameron 1 52",-68.66653,44.155752
"AD1_2011__Cameron 1 53",-68.64705,44.410503
"AD1_2011__Cameron 1 54",-68.5192,44.4006
"AD1_2011__Cameron 1 55",-68.350615,44.126801
"AD1_2011__Cameron 1 56",-68.270784,44.667355
"AD1_2011__Cameron 1 57",-88.192242,42.460477
"AD1_2011__Cameron 1 58",-89.43149,43.04103
"AD1_2011__Cameron 1 59",-98.96429,32.09948
"AD1_2011__Cameron 1 60",-98.8093,41.7404
"AD1_2011__Cameron 1 61",-98.5542,41.1255
"AD1_2011__Cameron 1 62",-97.38469,30.34797
"AD1_2011__Cameron 1 63",-97.2653,35.25402
"AD1_2011__Cameron 1 64",-96.79512,40.97433
"AD1_2011__Cameron 1 65",-96.49283,38.68715
"AD1_2011__Cameron 1 66",-95.60114,38.63811
"AD1_2011__Cameron 1 67",-95.39279,41.99105
"AD1_2011__Cameron 1 68",-95.26876,38.75328
"AD1_2011__Cameron 1 69",-95.116798,29.08681
"AD1_2011__Cameron 1 70",-94.71843,30.67105
"AD1_2011__Cameron 1 71",-94.43522,36.10147
"AD1_2011__Cameron 1 72",-94.03598,44.30375
"AD1_2011__Cameron 1 73",-93.02177,32.26892
"AD1_2011__Cameron 1 74",-92.87099,41.4071
"AD1_2011__Cameron 1 75",-92.57161,40.16584
"AD1_2011__Cameron 1 76",-92.51566,38.98974
"AD1_2011__Cameron 1 77",-92.488344,44.557736
"AD1_2011__Cameron 1 78",-91.50724,43.62854
"AD1_2011__Cameron 1 79",-91.49578,34.54717
"AD1_2011__Cameron 1 80",-91.43555,43.76343
"AD1_2011__Cameron 1 81",-90.84694,43.9347
"AD1_2011__Cameron 1 82",-90.823385,38.48037
"AD1_2011__Cameron 1 83",-90.82303,38.48341
"AD1_2011__Cameron 1 84",-90.74902,38.70967
"AD1_2011__Cameron 1 85",-90.636,34.84627
"AD1_2011__Cameron 1 86",-90.49508,42.52891
"AD1_2011__Cameron 1 87",-90.42028,44.02995
"AD1_2011__Cameron 1 88",-90.37707,38.62258
"AD1_2011__Cameron 1 89",-89.89844,39.26545
"AD1_2011__Cameron 1 90",-89.80411,43.6267
"AD1_2011__Cameron 1 91",-89.803093,40.916516
"AD1_2011__Cameron 1 92",-89.80296,40.82507
"AD1_2011__Cameron 1 93",-89.43149,43.04103
"AD1_2011__Cameron 1 94",-89.41856,37.77345
"AD1_2011__Cameron 1 95",-89.357038,41.97828
"AD1_2011__Cameron 1 96",-89.3416,39.51112
"AD1_2011__Cameron 1 97",-89.11745,37.4471
"AD1_2011__Cameron 1 98",-88.762222,37.025278
"AD1_2011__Cameron 1 99",-88.64484,40.00772
"AD1_2011__Cameron 1 100",-88.64165,33.55438
"AD1_2011__Cameron 1 101",-88.29737,39.76056
"AD1_2011__Cameron 1 102",-88.27055,39.93715
"AD1_2011__Cameron 1 103",-88.25199,42.01375
"AD1_2011__Cameron 1 104",-88.11223,30.25479
"AD1_2011__Cameron 1 105",-88.06058,36.01198
"AD1_2011__Cameron 1 106",-87.86253,36.83592
"AD1_2011__Cameron 1 107",-87.06641,39.95995
"AD1_2011__Cameron 1 108",-87.05757,39.94875
"AD1_2011__Cameron 1 109",-86.97015,32.21282
"AD1_2011__Cameron 1 110",-86.85357,41.02274
"AD1_2011__Cameron 1 111",-86.84485,35.91622
"AD1_2011__Cameron 1 112",-86.73048,38.40926
"AD1_2011__Cameron 1 113",-86.64129,31.85426
"AD1_2011__Cameron 1 114",-85.43764,39.06533
"AD1_2011__Cameron 1 115",-85.3885,39.0728
"AD1_2011__Cameron 1 116",-85.12742,34.67863
"AD1_2011__Cameron 1 117",-84.94415,38.16413
"AD1_2011__Cameron 1 118",-84.71028,34.66514
"AD1_2011__Cameron 1 119",-84.31819,35.24102
"AD1_2011__Cameron 1 120",-84.31576,40.89222
"AD1_2011__Cameron 1 121",-84.27237,34.26571
"AD1_2011__Cameron 1 122",-83.93521,35.60898
"AD1_2011__Cameron 1 123",-83.53266,33.96253
"AD1_2011__Cameron 1 124",-83.21989,41.49377
"AD1_2011__Cameron 1 125",-83.1837,36.76313
"AD1_2011__Cameron 1 126",-82.97717,35.92276
"AD1_2011__Cameron 1 127",-82.74692,36.67487
"AD1_2011__Cameron 1 128",-82.36272,33.94193
"AD1_2011__Cameron 1 129",-82.2776,35.74497
"AD1_2011__Cameron 1 130",-81.97922,40.90823
"AD1_2011__Cameron 1 131",-81.93666,35.89348
"AD1_2011__Cameron 1 132",-81.86559,35.95826
"AD1_2011__Cameron 1 133",-81.75544,34.44358
"AD1_2011__Cameron 1 134",-81.14311,40.00154
"AD1_2011__Cameron 1 135",-80.58092,36.72294
"AD1_2011__Cameron 1 136",-80.574271,34.15635
"AD1_2011__Cameron 1 137",-80.3947,36.47038
"AD1_2011__Cameron 1 138",-80.09062,34.72643
"AD1_2011__Cameron 1 139",-80.025,35.043611
"AD1_2011__Cameron 1 140",-79.70235,37.51511
"AD1_2011__Cameron 1 141",-79.55724,35.9806
"AD1_2011__Cameron 1 142",-78.82959,43.2022
"AD1_2011__Cameron 1 143",-78.68094,37.25568
"AD1_2011__Cameron 1 144",-78.02639,41.40279
"AD1_2011__Cameron 1 145",-77.83848,40.76025
"AD1_2011__Cameron 1 146",-76.85107,42.68171
"AD1_2011__Cameron 1 147",-76.83675,41.37778
"AD1_2011__Cameron 1 148",-73.96591,43.777
"AD1_2011__Cameron 1 149",-73.9116,41.60235
"AD1_2011__Cameron 1 150",-73.32829,42.06543
"AD1_2011__Cameron 1 151",-73.12382,40.923923
"AD1_2011__Cameron 1 152",-72.89947,41.76643
"AD1_2011__Cameron 1 153",-72.8616,42.88843
"AD1_2011__Cameron 1 154",-72.83605,40.94435
"AD1_2011__Cameron 1 155",-72.7183,42.24344
"AD1_2011__Cameron 1 156",-72.70551,43.41441
"AD1_2011__Cameron 1 157",-72.48312,41.86087
"AD1_2011__Cameron 1 158",-71.82805,42.679747
"AD1_2011__Cameron 1 159",-71.31905,42.29117
"AD1_2011__Cameron 1 160",-87.80558,42.4253
"AD1_2011__Cameron 1 161",-92.33661,41.33614
"AD1_2011__Cameron 1 162",-100.33306,44.29068
"AD1_2011__Cameron 1 163",-98.64908,47.45722
"AD1_2011__Cameron 1 164",-97.5246,44.37173
"AD1_2011__Cameron 1 165",-97.08081,43.19209
"AD1_2011__Cameron 1 166",-95.75491,44.19908
"AD1_2011__Cameron 1 167",-93.2283,44.21959
"AD1_2011__Cameron 1 168",-92.47369,39.89866
"AD1_2011__Cameron 1 169",-90.81744,38.46823
"AD1_2011__Cameron 1 170",-88.25199,42.01375
"AD1_2011__Cameron 1 171",-88.25199,42.01375
"AD1_2011__Cameron 1 172",-87.0686,39.9602
"AD1_2011__Cameron 1 173",-86.6613,38.404
"AD1_2011__Cameron 1 174",-86.6028,38.4575
"AD1_2011__Cameron 1 175",-86.58348,41.02308
"AD1_2011__Cameron 1 176",-85.43764,39.06533
"AD1_2011__Cameron 1 177",-90.81139,38.47112
"AD1_2011__Cameron 1 178",-96.86378,40.95999
"AD1_2011__Cameron 1 179",-95.87263,40.99976
"AD1_2011__Cameron 2 1",-121.76563,45.69103
"AD1_2011__Cameron 2 2",-110.963,43.7801
"AD1_2011__Cameron 2 3",-122.73063,42.08349
"AD1_2011__Cameron 2 4",-122.73063,42.08349
"AD1_2011__Cameron 2 5",-122.73063,42.08349
"AD1_2011__Cameron 2 6",-106.9599,38.9186
"AD1_2011__Cameron 2 7",-106.9599,38.9186
"AD1_2011__Cameron 2 8",-120.36991,39.57604
"AD1_2011__Cameron 2 9",-122.26211,41.32741
"AD1_2011__Cameron 2 10",-122.26733,41.32861
"AD1_2011__Cameron 2 11",-124.26156,43.27169
"AD1_2011__Cameron 2 12",-121.69052,44.25608
"AD1_2011__Cameron 2 13",-107.5948,44.7603
"AD1_2011__Cameron 2 14",-121.69646,44.24362
"AD1_2011__Cameron 2 15",-116.3048,45.5712
"AD1_2011__Cameron 2 16",-107.7414,44.7595
"AD1_2011__Cameron 2 17",-118.06347,45.15691
"AD1_2011__Cameron 2 18",-120.39332,39.59517
"AD1_2011__Cameron 2 19",-111.2555,45.0618
"AD1_2011__Cameron 2 20",-109.8066,40.8836
"AD1_2011__Cameron 2 21",-117.57936,45.00649
"AD1_2011__Cameron 2 22",-117.57936,45.00649
"AD1_2011__Cameron 2 23",-107.0588,39.9948
"AD1_2011__Cameron 2 24",-121.63603,45.32514
"AD1_2011__Cameron 2 25",-116.18861,44.98977
"AD1_2011__Cameron 2 26",-107.0526,39.0116
"AD1_2011__Cameron 2 27",-122.27846,41.34877
"AD1_2011__Cameron 2 28",-106.1513,39.7184
"AD1_2011__Cameron 2 29",-122.25453,41.32992
"AD1_2011__Cameron 2 30",-109.2155,33.69101
"AD1_2011__Cameron 2 31",-117.2458,46.10825
"AD1_2011__Cameron 2 32",-117.25697,46.11186
"AD1_2011__Cameron 2 33",-107.69428,38.00169
"AD1_2011__Cameron 2 34",-118.3755,47.73174
"AD1_2011__Cameron 2 35",-105.61791,40.36812
"AD1_2011__Cameron 2 36",-123.03194,48.55015
"AD1_2011__Cameron 2 37",-111.6546,37.9648
"AD1_2011__Cameron 2 38",-122.00958,45.36788
"AD1_2011__Cameron 2 39",-116.27901,48.85286
"AD1_2011__Cameron 2 40",-123.3351,48.02908
"AD1_2011__Cameron 2 41",-105.7895,33.3994
"AD1_2011__Cameron 2 42",-107.2109,44.1681
"AD1_2011__Cameron 2 43",-122.74858,41.29979
"AD1_2011__Cameron 2 44",-106.3285,34.7689
"AD1_2011__Cameron 2 45",-121.97182,48.5272
"AD1_2011__Cameron 2 46",-121.0843,48.48593
"AD1_2011__Cameron 2 47",-120.44181,47.63764
"AD1_2011__Cameron 2 48",-122.30127,42.90313
"AD1_2011__Cameron 2 49",-115.50135,41.57888
"AD1_2011__Cameron 2 50",-111.26383,44.75118
"AD1_2011__Cameron 2 51",-111.5721,40.6148
"AD1_2011__Cameron 2 52",-117.87672,46.09337
"AD1_2011__Cameron 2 53",-113.34954,41.94909
"AD1_2011__Cameron 2 54",-113.34954,41.94909
"AD1_2011__Cameron 2 55",-105.7836,32.878
"AD1_2011__Cameron 2 56",-105.7304,32.9883
"AD1_2011__Cameron 2 57",-105.7577,32.9229
"AD1_2011__Cameron 2 58",-110.62844,45.88314
"AD1_2011__Cameron 2 59",-114.24847,46.06763
"AD1_2011__Cameron 2 60",-117.51675,45.00633
"AD1_2011__Cameron 2 61",-106.94241,44.31898
"AD1_2011__Cameron 2 62",-122.23879,43.67344
"AD1_2011__Cameron 2 63",-111.7241,37.9737
"AD1_2011__Cameron 2 64",-105.98926,38.83969
"AD1_2011__Cameron 2 65",-111.6059,37.9794
"AD1_2011__Cameron 2 66",-123.00058,48.62174
"AD1_2011__Cameron 2 67",-123.10229,46.96064
"AD1_2011__Cameron 2 68",-122.14285,43.13683
"AD1_2011__Cameron 2 69",-105.48759,40.39179
"AD1_2011__Cameron 2 70",-120.8037,48.58761
"AD1_2011__Cameron 2 71",-105.5595,39.94036
"AD1_2011__Cameron 2 72",-111.6924,37.9344
"AD1_2011__Cameron 2 73",-113.87173,48.61515
"AD1_2011__Cameron 2 74",-108.81688,42.74415
"AD1_2011__Cameron 2 75",-105.00698,42.4831
"AD1_2011__Cameron 2 76",-122.10821,46.53815
"AD1_2011__Cameron 2 77",-120.83583,48.62165
"AD1_2011__Cameron 2 78",-122.6074,42.27179
"AD1_2011__Cameron 2 79",-111.5507,40.6084
"AD1_2011__Cameron 2 80",-111.537,40.6099
"AD1_2011__Cameron 2 81",-111.555,40.6065
"AD1_2011__Cameron 2 82",-111.555,40.6065
"AD1_2011__Cameron 2 83",-116.70358,48.29945
"AD1_2011__Cameron 2 84",-110.89222,44.64296
"AD1_2011__Cameron 2 85",-111.45519,44.30858
"AD1_2011__Cameron 2 86",-120.6636,48.7247
"AD1_2011__Cameron 2 87",-117.56119,47.63734
"AD1_2011__Cameron 2 88",-111.259,44.7438
"AD1_2011__Cameron 2 89",-110.8019,38.0861
"AD1_2011__Cameron 2 90",-110.8034,38.0769
"AD1_2011__Cameron 2 91",-110.7864,38.0883
"AD1_2011__Cameron 2 92",-110.7811,38.1013
"AD1_2011__Cameron 2 93",-110.8185,38.0657
"AD1_2011__Cameron 2 94",-118.02528,45.65833
"AD1_2011__Cameron 2 95",-115.44721,40.66422
"AD1_2011__Cameron 2 96",-115.44721,40.66422
"AD1_2011__Cameron 2 97",-115.44721,40.66422
"AD1_2011__Cameron 2 98",-115.37538,40.60437
"AD1_2011__Cameron 2 99",-115.36742,40.6252
"AD1_2011__Cameron 2 100",-122.89218,48.51715
"AD1_2011__Cameron 2 101",-113.98406,48.30446
"AD1_2011__Cameron 2 102",-104.10657,44.13633
"AD1_2011__Cameron 2 103",-121.49251,47.86216
"AD1_2011__Cameron 2 104",-123.50289,41.96575
"AD1_2011__Cameron 2 105",-123.50289,41.96575
"AD1_2011__Cameron 2 106",-115.47797,41.79013
"AD1_2011__Cameron 2 107",-115.4893,41.79484
"AD1_2011__Cameron 2 108",-105.7356,33.4609
"AD1_2011__Cameron 2 109",-122.21477,42.38925
"AD1_2011__Cameron 2 110",-122.21477,42.38925
"AD1_2011__Cameron 2 111",-123.58508,42.26207
"AD1_2011__Cameron 2 112",-120.349,42.1836
"AD1_2011__Cameron 2 113",-118.0876,45.7788
"AD1_2011__Cameron 2 114",-118.08175,45.77617
"AD1_2011__Cameron 2 115",-121.56048,40.87766
"AD1_2011__Cameron 2 116",-122.18837,43.3194
"AD1_2011__Cameron 2 117",-123.08805,47.4775
"AD1_2011__Cameron 2 118",-123.14733,48.51947
"AD1_2011__Cameron 2 119",-107.75322,44.76362
"AD1_2011__Cameron 2 120",-114.52659,46.70816
"AD1_2011__Cameron 2 121",-122.92571,47.05577
"AD1_2011__Cameron 2 122",-113.95238,45.69219
"AD1_2011__Cameron 2 123",-119.90317,48.39298
"AD1_2011__Cameron 2 124",-115.01229,48.02376
"AD1_2011__Cameron 2 125",-106.3549,34.666
"AD1_2011__Cameron 2 126",-104.88625,38.79776
"AD1_2011__Cameron 2 127",-116.15892,45.00276
"AD1_2011__Cameron 2 128",-122.23874,43.67347
"AD1_2011__Cameron 2 129",-106.15729,41.32129
"AD1_2011__Cameron 2 130",-107.90035,44.80227
"AD1_2011__Cameron 2 131",-110.56695,45.31757
"AD1_2011__Cameron 2 132",-110.53631,45.2879
"AD1_2011__Cameron 2 133",-121.65996,45.32592
"AD1_2011__Cameron 2 134",-107.4396,44.7763
"AD1_2011__Cameron 2 135",-123.81525,46.36125
"AD1_2011__Cameron 2 136",-105.51353,40.02302
"AD1_2011__Cameron 2 137",-105.25665,38.30141
"AD1_2011__Cameron 2 138",-105.17249,39.37745
"AD1_2011__Cameron 2 139",-113.44881,41.96012
"AD1_2011__Cameron 2 140",-107.68045,38.0395
"AD1_2011__Cameron 2 141",-115.88476,41.72003
"AD1_2011__Cameron 2 142",-111.5242,40.6065
"AD1_2011__Cameron 2 143",-105.10474,39.08366
"AD1_2011__Cameron 2 144",-111.6686,37.9049
"AD1_2011__Cameron 2 145",-122.01797,42.85447
"AD1_2011__Cameron 2 146",-113.43752,45.83865
"AD1_2011__Cameron 2 147",-111.6912,37.9313
"AD1_2011__Cameron 2 148",-107.2138,44.16488
"AD1_2011__Cameron 2 149",-115.47589,40.69176
"AD1_2011__Cameron 2 150",-111.496,40.6619
"AD1_2011__Cameron 2 151",-117.17,46.73
"AD1_2011__Cameron 2 152",-121.74509,47.16485
"AD1_2011__Cameron 2 153",-120.73407,48.51906
"AD1_2011__Cameron 2 154",-117.43202,44.96838
"AD1_2011__Cameron 2 155",-110.578,44.35918
"AD1_2011__Cameron 2 156",-105.7636,33.4605
"AD1_2011__Cameron 2 157",-105.15589,39.15588
"AD1_2011__Cameron 2 158",-115.3824,40.5983
"AD1_2011__Cameron 2 159",-106.41233,41.32207
"AD1_2011__Cameron 2 160",-107.5229,33.8786
"AD1_2011__Cameron 2 161",-113.31967,41.95429
"AD1_2011__Cameron 2 162",-122.55806,46.52201
"AD1_2011__Cameron 2 163",-110.67823,46.85804
"AD1_2011__Cameron 2 164",-120.54421,48.59934
"AD1_2011__Cameron 2 165",-108.83656,42.73656
"AD1_2011__Cameron 2 166",-121.77001,45.30253
"AD1_2011__Cameron 2 167",-123.32477,47.35185
"AD1_2011__Cameron 2 168",-123.3113,47.387
"AD1_2011__Cameron 2 169",-117.24027,46.82963
"AD1_2011__Cameron 2 170",-117.24027,46.82963
"AD1_2011__Cameron 2 171",-106.18425,41.34644
"AD1_2011__Cameron 2 172",-111.0527,39.8938
"AD1_2011__Cameron 2 173",-106.9864,44.2413
"AD1_2011__Cameron 2 174",-109.9965,40.8429
"AD1_2011__Cameron 2 175",-121.08798,47.74601
"AD1_2011__Cameron 2 176",-107.4761,38.32304
"AD1_2011__Cameron 2 177",-107.37811,44.06658
"AD1_2011__Cameron 2 178",-111.7195,37.9638
"AD1_2011__Cameron 2 179",-104.58529,43.75231
"AD1_2011__Cameron 2 180",-123.422,45.61957
"AD1_2011__Cameron 2 181",-111.0338,39.9302
"AD1_2011__Cameron 2 182",-111.64246,41.89436
"AD1_2011__Cameron 2 183",-111.64016,41.90102
"AD1_2011__Cameron 2 184",-123.12021,40.81017
"AD1_2011__Cameron 2 185",-112.2575,37.5913
"AD1_2011__Cameron 2 186",-122.97676,48.64107
"AD1_2011__Cameron 2 187",-105.32037,41.91245
"AD1_2011__Cameron 2 188",-106.5014,35.8783
"AD1_2011__Cameron 2 189",-106.5408,35.9749
"AD1_2011__Cameron 2 190",-106.5228,35.9747
"AD1_2011__Cameron 2 191",-106.4813,35.9578
"AD1_2011__Cameron 2 192",-117.2947,45.69974
"AD1_2011__Cameron 2 193",-117.29303,45.70638
"AD1_2011__Cameron 2 194",-117.29992,45.33339
"AD1_2011__Cameron 2 195",-105.7651,32.8288
"AD1_2011__Cameron 2 196",-123.42516,47.94269
"AD1_2011__Cameron 2 197",-117.37771,46.63453
"AD1_2011__Cameron 2 198",-123.41248,48.09788
"AD1_2011__Cameron 2 199",-122.9149,48.52285
"AD1_2011__Cameron 2 200",-121.56048,40.87766
"AD1_2011__Cameron 2 201",-123.14064,48.50639
"AD1_2011__Cameron 2 202",-121.38967,46.63835
"AD1_2011__Cameron 2 203",-105.73381,40.43041
"AD1_2011__Connop 1 1",0.573042,51.54278
"AD1_2011__Connop 1 2",0.584961,51.542588
"AD1_2011__Connop 1 3",0.546513,51.521095
"AD1_2011__Connop 1 4",0.526201,51.523501
"AD1_2011__Connop 1 5",0.500451,51.548246
"AD1_2011__Power 1 1",-7.52261322329,52.3796649582
"AD1_2011__Power 1 2",-7.58330384731,52.3874536355
"AD1_2011__Power 1 3",-7.25792017323,52.2428859161
"AD1_2011__Power 1 4",-7.249546421,52.240163336
"AD1_2011__Power 1 5",-7.24189416599,53.5474940134
"AD1_2011__Power 1 6",-7.21661924577,53.5507731562
"AD1_2011__Power 1 7",-7.03386047446,52.9123109671
"AD1_2011__Power 1 8",-7.03355912664,52.8904409565
"AD1_2011__Power 1 9",-7.6739892039,52.4789786167
"AD1_2011__Power 1 10",-7.67470214097,52.4701361529
"AD1_2011__Power 1 11",-7.38978029072,53.49004249
"AD1_2011__Power 1 12",-7.39615542165,53.5249974007
"AD1_2011__Power 1 13",-7.80643751797,53.0597974836
"AD1_2011__Power 1 14",-7.75007654038,53.070171803
"AD1_2011__Power 1 15",-8.60310302752,52.5330587
"AD1_2011__Power 1 16",-8.6145696262,52.5383027548
"AD1_2011__Power 1 17",-8.55409858212,52.533307336
"AD1_2011__Power 1 18",-8.50699938973,52.5109042041
"AD1_2011__Power 1 19",-8.7042741072,51.8308233168
"AD1_2011__Power 1 20",-8.70449675721,51.8218505899
"AD1_2011__Richards 1 1",-79.24716,43.113498
"AD1_2011__Richards 1 2",-79.246345,43.112057
"AD1_2011__Richards 1 3",-79.244885,43.113059
"AD1_2011__Richards 1 4",-79.238627,43.125029
"AD1_2011__Richards 1 5",-79.239571,43.120299
"AD1_2011__Richards 1 6",-79.231396,43.126783
"AD1_2011__Richards 2 1",-79.24716,43.113498
"AD1_2011__Richards 2 2",-79.246345,43.112057
"AD1_2011__Richards 2 3",-79.244885,43.113059
"AD1_2011__Richards 2 4",-79.238627,43.125029
"AD1_2011__Richards 2 5",-79.239571,43.120299
"AD1_2011__Richards 2 6",-79.231396,43.126783
"AD1_2011__Richards 3 1",-79.24716,43.113498
"AD1_2011__Richards 3 2",-79.246345,43.112057
"AD1_2011__Richards 3 3",-79.244885,43.113059
"AD1_2011__Richards 3 4",-79.238627,43.125029
"AD1_2011__Richards 3 5",-79.239571,43.120299
"AD1_2011__Richards 3 6",-79.231396,43.126783
"AD1_2011__Samnegard 1 1",13.1219874198,55.6861193326
"AD1_2011__Samnegard 1 2",13.0993149715,55.4385183852
"AD1_2011__Samnegard 1 3",13.3388742361,55.3986786761
"AD1_2011__Samnegard 1 4",14.0477515003,55.4333708291
"AD1_2011__Samnegard 1 5",13.2366892798,55.755962536
"AD1_2011__Samnegard 1 6",13.2440418882,55.6438034135
"AD1_2011__Samnegard 1 7",13.6901437203,55.4726281561
"AD1_2011__Samnegard 1 8",13.9646234835,55.5219848164
"AD1_2011__Samnegard 1 9",14.0062187103,55.4776851255
"AD1_2011__Tonietto 1 1",-87.6424861111,41.8853611111
"AD1_2011__Tonietto 1 2",-87.6349583333,41.9264138889
"AD1_2011__Tonietto 1 3",-87.6016777778,41.7910611111
"AD1_2011__Tonietto 1 4",-87.8183527778,42.0994916667
"AD1_2011__Tonietto 1 5",-87.6849888889,42.0492222222
"AD1_2011__Tonietto 1 6",-87.6276305556,41.884775
"AD1_2011__Tonietto 1 7",-87.6364777778,41.9284138889
"AD1_2011__Tonietto 1 8",-87.7019333333,41.9066416667
"AD1_2011__Tonietto 1 9",-87.7156916667,41.8827
"AD1_2011__Tonietto 1 10",-87.614075,41.8582416667
"AD1_2011__Tonietto 1 11",-87.6218222222,41.8814194444
"AD1_2011__Tonietto 1 12",-87.6334,41.9635083333
"AD1_2011__Tonietto 1 13",-87.8676333333,42.2323416667
"AD1_2011__Tonietto 1 14",-87.8369194444,42.4003611111
"AD1_2011__Tonietto 1 15",-88.1447583333,41.3482388889
"AD1_2011__Tonietto 1 16",-87.8592694444,41.9248805556
"AD1_2011__Tonietto 1 17",-87.8182944444,42.100425
"AD1_2011__Tonietto 1 18",-87.7867638889,42.1412027778
"AD1_2012__MudriStojnic 1 1",19.7191944444,45.0487972222
"AD1_2012__MudriStojnic 1 2",19.8321527778,45.3383527778
"AD1_2012__MudriStojnic 1 3",20.0682,45.2084888889
"AD1_2012__MudriStojnic 1 4",20.0725083333,45.3484
"AD1_2012__MudriStojnic 1 5",19.7023583333,45.0733638889
"AD1_2012__MudriStojnic 1 6",19.8359722222,45.078625
"AD1_2012__MudriStojnic 1 7",19.9445166667,45.1220111111
"AD1_2012__MudriStojnic 1 8",20.0286722222,45.1507527778
"AD1_2012__MudriStojnic 1 9",20.18165,45.2347944444
"AD1_2012__MudriStojnic 1 10",20.039075,45.2155194444
"AD1_2012__MudriStojnic 1 11",20.12055,45.2716555556
"AD1_2012__MudriStojnic 1 12",19.6772805556,45.0940305556
"AD1_2012__MudriStojnic 1 13",19.8951583333,45.1225722222
"AD1_2012__MudriStojnic 1 14",19.9152333333,45.1055916667
"AD1_2012__MudriStojnic 1 15",19.766475,45.0859722222
"AD1_2012__MudriStojnic 1 16",19.9785583333,45.285725
"AD1_2012__Osgathorpe 1 1",-2.79237030037,51.2527286082
"AD1_2012__Osgathorpe 1 2",-2.79087583282,51.249141827
"AD1_2012__Osgathorpe 1 3",-2.79089125653,51.2500409449
"AD1_2012__Osgathorpe 1 4",-2.78932003819,51.2419585469
"AD1_2012__Osgathorpe 1 5",-2.78799515101,51.2482620322
"AD1_2012__Osgathorpe 1 6",-2.78816423223,51.2581523296
"AD1_2012__Osgathorpe 1 7",-2.78522176795,51.2536759989
"AD1_2012__Osgathorpe 1 8",-2.78548224633,51.2689609926
"AD1_2012__Osgathorpe 1 9",-2.7854975757,51.2698601086
"AD1_2012__Osgathorpe 1 10",-2.78551290587,51.2707592245
"AD1_2012__Osgathorpe 1 11",-2.7837583945,51.2518873631
"AD1_2012__Osgathorpe 1 12",-2.78924310297,51.2374629481
"AD1_2012__Osgathorpe 1 13",-2.78939699327,51.2464541422
"AD1_2012__Osgathorpe 1 14",-2.78955096298,51.2554453221
"AD1_2012__Osgathorpe 1 15",-2.78246300441,51.2599890158
"AD1_2012__Osgathorpe 1 16",-2.77926259545,51.2402274905
"AD1_2012__Osgathorpe 1 17",-2.7782095585,51.2627150272
"AD1_2012__Osgathorpe 1 18",-2.7749201197,51.2375586513
"AD1_2012__Osgathorpe 1 19",-2.76662521526,51.2555977034
"AD1_2012__Osgathorpe 1 20",-2.76664016951,51.2564968255
"AD1_2012__Osgathorpe 1 21",-2.76367010876,51.2502216964
"AD1_2012__Osgathorpe 1 22",-2.7607453646,51.2466438567
"AD1_2012__Osgathorpe 2 1",-7.53374357057,57.6022549492
"AD1_2012__Osgathorpe 2 2",-7.53456116015,57.6076193364
"AD1_2012__Osgathorpe 2 3",-7.54319027421,57.5982395217
"AD1_2012__Osgathorpe 2 4",-7.5323505301,57.6041162119
"AD1_2012__Osgathorpe 2 5",-7.52378432179,57.5918914059
"AD1_2012__Osgathorpe 2 6",-7.52041968825,57.6028393543
"AD1_2012__Osgathorpe 2 7",-7.51889004722,57.6038063944
"AD1_2012__Osgathorpe 2 8",-7.52653744248,57.598971022
"AD1_2012__Osgathorpe 2 9",-7.51528730866,57.6021640519
"AD1_2012__Osgathorpe 2 10",-7.51542310002,57.6030581451
"AD1_2012__Osgathorpe 2 11",-7.51416485521,57.6058133168
"AD1_2012__Osgathorpe 2 12",-7.51497967276,57.6111778784
"AD1_2012__Osgathorpe 2 13",-7.51511550373,57.6120719708
"AD1_2012__Osgathorpe 2 14",-7.51263492264,57.6067802859
"AD1_2012__Osgathorpe 2 15",-7.51205510247,57.614005922
"AD1_2012__Osgathorpe 2 16",-7.50097469027,57.6072897951
"AD1_2012__Osgathorpe 2 17",-7.49448905703,57.597672469
"AD1_2012__Osgathorpe 2 18",-7.49814381056,57.6218137329
"AD1_2012__Osgathorpe 2 19",-7.49841476476,57.6236019651
"AD1_2012__Osgathorpe 2 20",-7.49102919098,57.6302240288
"AD1_2012__Osgathorpe 2 21",-7.4853069965,57.6034726147
"AD1_2012__Osgathorpe 2 22",-7.48377636955,57.6044392453
"AD1_2012__Osgathorpe 2 23",-7.48170575246,57.6018292856
"AD1_2012__Verboven 1 1",3.719884,51.061214
"AD1_2012__Verboven 1 2",3.761964,51.04464
"AD1_2012__Verboven 1 3",3.805297,50.947381
"AD1_2012__Verboven 1 4",4.693567,50.87561
"AD1_2012__Verboven 1 5",4.731197,50.89178
"AD1_2012__Verboven 1 6",4.84509,50.878638
"AD1_2012__Verboven 1 7",5.342844,50.928948
"AD1_2012__Verboven 1 8",5.305433,50.941591
"AD1_2012__Verboven 1 9",5.239292,50.855097
"SC1_2009__Meyer 1 1",9.7619872470877,51.53896834024
"SC1_2009__Meyer 1 2",9.7495309691739,51.462468221775
"SC1_2009__Meyer 1 3",9.9337256261409,51.415070061815
"SC1_2009__Meyer 1 4",9.8420252896347,51.595927677936
"SC1_2009__Meyer 1 5",9.7925201697532,51.448837537803
"SC1_2009__Meyer 1 6",10.015015849153,51.505905921619
"SC1_2009__Meyer 1 7",9.8413250488128,51.447859033502
"SC1_2009__Meyer 1 8",9.774166264918,51.50583860086
"SC1_2009__Meyer 1 9",10.045109229088,51.552668957921
"SC1_2009__Meyer 1 10",9.8008755194704,51.519321379499
"SC1_2009__Meyer 1 11",9.788467695717,51.596623503923
"SC1_2009__Meyer 1 12",9.7789108446891,51.39553745439
"SC1_2009__Meyer 1 13",9.83984038664,51.643293061074
"SC1_2009__Meyer 1 14",9.7372775804669,51.554693971165
"SC1_2009__Meyer 1 15",9.9949900741814,51.47525619244
"SC1_2009__Meyer 1 16",9.7855978946872,51.40090385023
"SC1_2009__Meyer 1 17",9.8457545873223,51.576836810356
"SC1_2009__Meyer 1 18",9.7612937211845,51.405819273261
"SC1_2009__Meyer 1 19",9.948090639667,51.593536403559
"SC1_2009__Meyer 1 20",10.048985113476,51.455397055109
"SC1_2009__Meyer 1 21",9.8421240421643,51.435781809787
"SC1_2009__Meyer 1 22",9.8706926790174,51.414279226238
"SC1_2009__Meyer 1 23",9.9779874767534,51.417881817888
"SC1_2009__Meyer 1 24",9.9379490444318,51.42265859295
"SC1_2009__Meyer 1 25",9.7645966264577,51.54243879531
"SC1_2009__Meyer 1 26",10.132973840828,51.437779381341
"SC1_2009__Meyer 1 27",9.7935890700185,51.598170885777
"SC1_2009__Meyer 1 28",9.7693565382324,51.431509488307
"SC1_2009__Meyer 1 29",9.7752043640949,51.447362452947
"SC1_2009__Meyer 1 30",9.8378744251531,51.425960930312
"SC1_2009__Meyer 1 31",9.7760430772026,51.586531739949
"SC1_2009__Meyer 1 32",9.7921259458822,51.602000753516
"SC1_2014__Fowler 1 1",-1.85504388364,52.4394231907
"SC1_2014__Fowler 1 2",-1.85571985917,52.4496439659
"SC1_2014__Fowler 1 3",-1.84711698403,52.4596863916
"SC1_2014__Fowler 1 4",-1.82222082542,52.474406342
"SC1_2014__Fowler 1 5",-1.81300786567,52.4901471286
"SC1_2014__Fowler 1 6",-1.78512561011,52.4950347274
"SC1_2014__Fowler 1 7",-1.76837125407,52.4865504954
"SC1_2014__Fowler 1 8",-1.76643996602,52.4644396884
"SC1_2014__Fowler 1 9",-1.73886424899,52.4136885055
"SC1_2014__Fowler 1 10",-1.72674328977,52.3972983355
"SC1_2014__Fowler 1 11",-1.72310956085,52.382946227
"SC1_2014__Fowler 1 12",-1.7471426925,52.339063859
"SC1_2014__Fowler 1 13",-1.77138693092,52.347817068
"SC1_2014__Fowler 1 14",-1.83328082,52.382233696
"SC1_2014__Fowler 1 15",-2.0002189802,52.37372025
"SC1_2014__Fowler 1 16",-1.9322703257,52.411903034
"SC1_2014__Fowler 1 17",-1.9784838772,52.4216519311
"SC1_2014__Fowler 1 18",-1.9805717526,52.4490944581
"SC1_2014__Fowler 1 19",-2.00643962843,52.4491625094
"SC1_2014__Fowler 1 20",-1.94863120708,52.4463507629
"SC1_2014__Fowler 1 21",-1.88145369569,52.4793105219
"SC1_2014__Fowler 1 22",-1.86268131694,52.5086597434
"SC1_2014__Fowler 1 23",-1.92315705604,52.481150784
"SC1_2014__Fowler 1 24",-1.97635852791,52.5006632883
"SC1_2014__Fowler 1 25",-1.95469714676,52.5488495944
"SC1_2014__Fowler 1 26",-1.91351120317,52.526597763
"SC1_2014__Fowler 1 27",-1.86245461451,52.5367452759
"SC1_2014__Fowler 1 28",-1.87267254065,52.5499162445
"SC1_2014__Fowler 1 29",-1.81376832292,52.5556475437
"SC1_2014__Fowler 1 30",-1.8058925393,52.5441943969
"SC1_2014__Fowler 1 31",-1.80276013929,52.5271766047
"SC1_2014__Fowler 1 32",-1.73049320819,52.5408212629
"SC1_2014__Fowler 1 33",-1.70430261545,52.5699899385
"SC1_2014__Fowler 1 34",-1.70618697917,52.5874976541
"SC1_2014__Fowler 1 35",-1.70881925959,52.5819189344
"SC1_2014__Fowler 1 36",-1.72765682918,52.3370977197
